2025-07-31 11:22:04,043 [Worker-2: Loading available Gradle versions] INFO  o.e.b.c.i.u.g.PublishedGradleVersions - Gradle version information cache is up-to-date. Trying to read.
2025-08-01 09:24:43,201 [Worker-13: Loading available Gradle versions] INFO  o.e.b.c.i.u.g.PublishedGradleVersions - Gradle version information cache is out-of-date. Trying to update.
2025-08-02 09:16:59,526 [Worker-9: Loading available Gradle versions] INFO  o.e.b.c.i.u.g.PublishedGradleVersions - Gradle version information cache is up-to-date. Trying to read.
2025-08-04 09:16:46,731 [Worker-2: http://download.eclipse.org/technology/epp/packages/2025-03/compositeContent.xml] INFO  o.a.h.c.h.i.c.HttpRequestRetryExec - Recoverable I/O exception (java.net.SocketException) caught when processing request to {s}->[https://download.eclipse.org:443]
2025-08-05 09:12:17,168 [Worker-8: Loading available Gradle versions] INFO  o.e.b.c.i.u.g.PublishedGradleVersions - Gradle version information cache is up-to-date. Trying to read.
2025-08-06 09:13:09,828 [Worker-8: Loading available Gradle versions] INFO  o.e.b.c.i.u.g.PublishedGradleVersions - Gradle version information cache is up-to-date. Trying to read.
2025-08-07 09:12:40,337 [Worker-2: Loading available Gradle versions] INFO  o.e.b.c.i.u.g.PublishedGradleVersions - Gradle version information cache is up-to-date. Trying to read.
2025-08-08 09:16:06,738 [Worker-4: Loading available Gradle versions] INFO  o.e.b.c.i.u.g.PublishedGradleVersions - Gradle version information cache is up-to-date. Trying to read.
2025-08-12 09:29:41,489 [Worker-14: Loading available Gradle versions] INFO  o.e.b.c.i.u.g.PublishedGradleVersions - Gradle version information cache is up-to-date. Trying to read.
2025-08-13 08:21:56,016 [Worker-7: Loading available Gradle versions] INFO  o.e.b.c.i.u.g.PublishedGradleVersions - Gradle version information cache is up-to-date. Trying to read.
2025-08-14 09:06:57,318 [Worker-8: Loading available Gradle versions] INFO  o.e.b.c.i.u.g.PublishedGradleVersions - Gradle version information cache is up-to-date. Trying to read.
2025-08-15 13:35:13,051 [Worker-6: Loading available Gradle versions] INFO  o.e.b.c.i.u.g.PublishedGradleVersions - Gradle version information cache is out-of-date. Trying to update.
2025-08-21 09:11:11,805 [Worker-3: Loading available Gradle versions] INFO  o.e.b.c.i.u.g.PublishedGradleVersions - Gradle version information cache is out-of-date. Trying to update.
2025-08-22 09:04:01,733 [Worker-1: Loading available Gradle versions] INFO  o.e.b.c.i.u.g.PublishedGradleVersions - Gradle version information cache is up-to-date. Trying to read.
2025-08-23 14:11:57,199 [Worker-8: Loading available Gradle versions] INFO  o.e.b.c.i.u.g.PublishedGradleVersions - Gradle version information cache is up-to-date. Trying to read.
2025-08-24 11:05:09,393 [Worker-9: Loading available Gradle versions] INFO  o.e.b.c.i.u.g.PublishedGradleVersions - Gradle version information cache is out-of-date. Trying to update.
2025-08-24 11:05:09,552 [Worker-9: Loading available Gradle versions] INFO  o.e.b.c.i.u.g.PublishedGradleVersions - Updating Gradle version information cache failed. Using outdated cache.
2025-08-26 09:07:44,383 [Worker-7: Loading available Gradle versions] INFO  o.e.b.c.i.u.g.PublishedGradleVersions - Gradle version information cache is up-to-date. Trying to read.
2025-08-30 09:16:56,793 [Worker-10: Loading available Gradle versions] INFO  o.e.b.c.i.u.g.PublishedGradleVersions - Gradle version information cache is up-to-date. Trying to read.
2025-09-02 09:34:02,750 [Worker-1: Loading available Gradle versions] INFO  o.e.b.c.i.u.g.PublishedGradleVersions - Gradle version information cache is out-of-date. Trying to update.
2025-09-03 10:58:16,972 [Worker-62: Creating maven-archetype-quickstart] INFO  o.e.m.c.i.p.ProjectConfigurationManager - Collecting project info '/pom.xml' D:\AViIT\Demos\Selenium_13\MyMavenProject\pom.xml
2025-09-03 10:58:19,088 [Worker-62: Creating maven-archetype-quickstart] INFO  o.e.m.c.i.l.LifecycleMappingFactory - Using org.eclipse.m2e.jdt.JarLifecycleMapping lifecycle mapping for MavenProject: MyMavenProject:MyMavenProject:0.0.1-SNAPSHOT @ D:\AViIT\Demos\Selenium_13\MyMavenProject\pom.xml.
2025-09-03 10:58:20,139 [Worker-62: Creating maven-archetype-quickstart] INFO  o.e.m.j.i.AbstractJavaProjectConfigurator - Adding source folder /MyMavenProject/src/main/java
2025-09-03 10:58:20,147 [Worker-62: Creating maven-archetype-quickstart] INFO  o.e.m.j.i.AbstractJavaProjectConfigurator - Adding source folder /MyMavenProject/src/test/java
2025-09-03 10:58:20,863 [Worker-62: Creating maven-archetype-quickstart] INFO  o.e.m.c.i.p.ProjectConfigurationManager - Imported and configured 1 project(s) in 3 sec
2025-09-03 10:58:22,845 [Worker-62: Building] INFO  o.a.m.s.f.DefaultMavenResourcesFiltering - skip non existing resourceDirectory D:\AViIT\Demos\Selenium_13\MyMavenProject\src\main\resources
2025-09-03 10:58:22,848 [Worker-62: Building] INFO  o.a.m.s.f.DefaultMavenResourcesFiltering - skip non existing resourceDirectory D:\AViIT\Demos\Selenium_13\MyMavenProject\src\test\resources
2025-09-03 10:58:35,135 [Worker-60: Building] INFO  o.a.m.s.f.DefaultMavenResourcesFiltering - skip non existing resourceDirectory D:\AViIT\Demos\Selenium_13\MyMavenProject\src\main\resources
2025-09-03 10:58:35,138 [Worker-60: Building] INFO  o.a.m.s.f.DefaultMavenResourcesFiltering - skip non existing resourceDirectory D:\AViIT\Demos\Selenium_13\MyMavenProject\src\test\resources
2025-09-03 10:58:37,699 [Worker-60: Building] INFO  o.a.m.s.f.DefaultMavenResourcesFiltering - skip non existing resourceDirectory D:\AViIT\Demos\Selenium_13\MyMavenProject\src\main\resources
2025-09-03 10:58:37,703 [Worker-60: Building] INFO  o.a.m.s.f.DefaultMavenResourcesFiltering - skip non existing resourceDirectory D:\AViIT\Demos\Selenium_13\MyMavenProject\src\test\resources
2025-09-03 10:59:10,275 [Worker-60: Building] INFO  o.e.m.c.i.l.LifecycleMappingFactory - Using org.eclipse.m2e.jdt.JarLifecycleMapping lifecycle mapping for MavenProject: MyMavenProject:MyMavenProject:0.0.1-SNAPSHOT @ D:\AViIT\Demos\Selenium_13\MyMavenProject\pom.xml.
2025-09-03 10:59:13,003 [Worker-62: Building] INFO  o.a.m.s.f.DefaultMavenResourcesFiltering - skip non existing resourceDirectory D:\AViIT\Demos\Selenium_13\MyMavenProject\src\main\resources
2025-09-03 10:59:13,005 [Worker-62: Building] INFO  o.a.m.s.f.DefaultMavenResourcesFiltering - skip non existing resourceDirectory D:\AViIT\Demos\Selenium_13\MyMavenProject\src\test\resources
2025-09-03 10:59:23,504 [Worker-61: Building] INFO  o.a.m.s.f.DefaultMavenResourcesFiltering - skip non existing resourceDirectory D:\AViIT\Demos\Selenium_13\MyMavenProject\src\main\resources
2025-09-03 10:59:23,506 [Worker-61: Building] INFO  o.a.m.s.f.DefaultMavenResourcesFiltering - skip non existing resourceDirectory D:\AViIT\Demos\Selenium_13\MyMavenProject\src\test\resources
2025-09-03 10:59:36,481 [Worker-62: Building] INFO  o.a.m.s.f.DefaultMavenResourcesFiltering - skip non existing resourceDirectory D:\AViIT\Demos\Selenium_13\MyMavenProject\src\main\resources
2025-09-03 10:59:36,483 [Worker-62: Building] INFO  o.a.m.s.f.DefaultMavenResourcesFiltering - skip non existing resourceDirectory D:\AViIT\Demos\Selenium_13\MyMavenProject\src\test\resources
2025-09-03 11:00:09,354 [Worker-64: Building] INFO  o.a.m.s.f.DefaultMavenResourcesFiltering - skip non existing resourceDirectory D:\AViIT\Demos\Selenium_13\MyMavenProject\src\main\resources
2025-09-03 11:00:09,356 [Worker-64: Building] INFO  o.a.m.s.f.DefaultMavenResourcesFiltering - skip non existing resourceDirectory D:\AViIT\Demos\Selenium_13\MyMavenProject\src\test\resources
2025-09-03 11:00:41,937 [Worker-62: Building] INFO  o.e.m.c.i.l.LifecycleMappingFactory - Using org.eclipse.m2e.jdt.JarLifecycleMapping lifecycle mapping for MavenProject: MyMavenProject:MyMavenProject:0.0.1-SNAPSHOT @ D:\AViIT\Demos\Selenium_13\MyMavenProject\pom.xml.
2025-09-03 11:00:45,693 [Worker-62: Building] INFO  o.a.m.s.f.DefaultMavenResourcesFiltering - skip non existing resourceDirectory D:\AViIT\Demos\Selenium_13\MyMavenProject\src\main\resources
2025-09-03 11:00:45,696 [Worker-62: Building] INFO  o.a.m.s.f.DefaultMavenResourcesFiltering - skip non existing resourceDirectory D:\AViIT\Demos\Selenium_13\MyMavenProject\src\test\resources
2025-09-03 11:00:47,738 [Worker-62: Building] INFO  o.a.m.s.f.DefaultMavenResourcesFiltering - skip non existing resourceDirectory D:\AViIT\Demos\Selenium_13\MyMavenProject\src\main\resources
2025-09-03 11:00:47,741 [Worker-62: Building] INFO  o.a.m.s.f.DefaultMavenResourcesFiltering - skip non existing resourceDirectory D:\AViIT\Demos\Selenium_13\MyMavenProject\src\test\resources
2025-09-03 11:00:59,447 [Worker-62: Building] INFO  o.e.m.c.i.l.LifecycleMappingFactory - Using org.eclipse.m2e.jdt.JarLifecycleMapping lifecycle mapping for MavenProject: MyMavenProject:MyMavenProject:0.0.1-SNAPSHOT @ D:\AViIT\Demos\Selenium_13\MyMavenProject\pom.xml.
2025-09-03 11:01:00,095 [Worker-62: Building] INFO  o.a.m.s.f.DefaultMavenResourcesFiltering - skip non existing resourceDirectory D:\AViIT\Demos\Selenium_13\MyMavenProject\src\main\resources
2025-09-03 11:01:00,098 [Worker-62: Building] INFO  o.a.m.s.f.DefaultMavenResourcesFiltering - skip non existing resourceDirectory D:\AViIT\Demos\Selenium_13\MyMavenProject\src\test\resources
2025-09-03 11:01:18,334 [Worker-62: Building] INFO  o.a.m.s.f.DefaultMavenResourcesFiltering - skip non existing resourceDirectory D:\AViIT\Demos\Selenium_13\MyMavenProject\src\main\resources
2025-09-03 11:01:18,336 [Worker-62: Building] INFO  o.a.m.s.f.DefaultMavenResourcesFiltering - skip non existing resourceDirectory D:\AViIT\Demos\Selenium_13\MyMavenProject\src\test\resources
2025-09-03 11:01:47,465 [Worker-61: Building] INFO  o.a.m.s.f.DefaultMavenResourcesFiltering - skip non existing resourceDirectory D:\AViIT\Demos\Selenium_13\MyMavenProject\src\main\resources
2025-09-03 11:01:47,467 [Worker-61: Building] INFO  o.a.m.s.f.DefaultMavenResourcesFiltering - skip non existing resourceDirectory D:\AViIT\Demos\Selenium_13\MyMavenProject\src\test\resources
2025-09-03 11:02:48,541 [Worker-64: Building] INFO  o.e.m.c.i.l.LifecycleMappingFactory - Using org.eclipse.m2e.jdt.JarLifecycleMapping lifecycle mapping for MavenProject: MyMavenProject:MyMavenProject:0.0.1-SNAPSHOT @ D:\AViIT\Demos\Selenium_13\MyMavenProject\pom.xml.
2025-09-03 11:02:49,365 [Worker-64: Building] INFO  o.a.m.s.f.DefaultMavenResourcesFiltering - skip non existing resourceDirectory D:\AViIT\Demos\Selenium_13\MyMavenProject\src\main\resources
2025-09-03 11:02:49,368 [Worker-64: Building] INFO  o.a.m.s.f.DefaultMavenResourcesFiltering - skip non existing resourceDirectory D:\AViIT\Demos\Selenium_13\MyMavenProject\src\test\resources
2025-09-03 11:02:51,417 [Worker-63: Building] INFO  o.a.m.s.f.DefaultMavenResourcesFiltering - skip non existing resourceDirectory D:\AViIT\Demos\Selenium_13\MyMavenProject\src\main\resources
2025-09-03 11:02:51,420 [Worker-63: Building] INFO  o.a.m.s.f.DefaultMavenResourcesFiltering - skip non existing resourceDirectory D:\AViIT\Demos\Selenium_13\MyMavenProject\src\test\resources
2025-09-03 11:05:05,139 [Worker-62: Building] INFO  o.a.m.s.f.DefaultMavenResourcesFiltering - skip non existing resourceDirectory D:\AViIT\Demos\Selenium_13\MyMavenProject\src\main\resources
2025-09-03 11:05:05,141 [Worker-62: Building] INFO  o.a.m.s.f.DefaultMavenResourcesFiltering - skip non existing resourceDirectory D:\AViIT\Demos\Selenium_13\MyMavenProject\src\test\resources
2025-09-03 11:06:28,358 [Worker-66: Building] INFO  o.e.m.c.i.l.LifecycleMappingFactory - Using org.eclipse.m2e.jdt.JarLifecycleMapping lifecycle mapping for MavenProject: MyMavenProject:MyMavenProject:0.0.1-SNAPSHOT @ D:\AViIT\Demos\Selenium_13\MyMavenProject\pom.xml.
2025-09-03 11:06:29,005 [Worker-66: Building] INFO  o.a.m.s.f.DefaultMavenResourcesFiltering - skip non existing resourceDirectory D:\AViIT\Demos\Selenium_13\MyMavenProject\src\main\resources
2025-09-03 11:06:29,007 [Worker-66: Building] INFO  o.a.m.s.f.DefaultMavenResourcesFiltering - skip non existing resourceDirectory D:\AViIT\Demos\Selenium_13\MyMavenProject\src\test\resources
2025-09-03 11:06:30,488 [Worker-66: Building] INFO  o.a.m.s.f.DefaultMavenResourcesFiltering - skip non existing resourceDirectory D:\AViIT\Demos\Selenium_13\MyMavenProject\src\main\resources
2025-09-03 11:06:30,489 [Worker-66: Building] INFO  o.a.m.s.f.DefaultMavenResourcesFiltering - skip non existing resourceDirectory D:\AViIT\Demos\Selenium_13\MyMavenProject\src\test\resources
2025-09-03 11:06:31,634 [Worker-64: Building] INFO  o.a.m.s.f.DefaultMavenResourcesFiltering - skip non existing resourceDirectory D:\AViIT\Demos\Selenium_13\MyMavenProject\src\main\resources
2025-09-03 11:06:31,638 [Worker-64: Building] INFO  o.a.m.s.f.DefaultMavenResourcesFiltering - skip non existing resourceDirectory D:\AViIT\Demos\Selenium_13\MyMavenProject\src\test\resources
2025-09-03 11:15:10,352 [Worker-67: Building] INFO  o.a.m.s.f.DefaultMavenResourcesFiltering - skip non existing resourceDirectory D:\AViIT\Demos\Selenium_13\MyMavenProject\src\main\resources
2025-09-03 11:15:10,356 [Worker-67: Building] INFO  o.a.m.s.f.DefaultMavenResourcesFiltering - skip non existing resourceDirectory D:\AViIT\Demos\Selenium_13\MyMavenProject\src\test\resources
2025-09-03 11:15:15,011 [Worker-71: Building] INFO  o.a.m.s.f.DefaultMavenResourcesFiltering - skip non existing resourceDirectory D:\AViIT\Demos\Selenium_13\MyMavenProject\src\main\resources
2025-09-03 11:15:15,014 [Worker-71: Building] INFO  o.a.m.s.f.DefaultMavenResourcesFiltering - skip non existing resourceDirectory D:\AViIT\Demos\Selenium_13\MyMavenProject\src\test\resources
2025-09-03 11:15:33,903 [Worker-70: Building] INFO  o.a.m.s.f.DefaultMavenResourcesFiltering - skip non existing resourceDirectory D:\AViIT\Demos\Selenium_13\MyMavenProject\src\main\resources
2025-09-03 11:15:33,905 [Worker-70: Building] INFO  o.a.m.s.f.DefaultMavenResourcesFiltering - skip non existing resourceDirectory D:\AViIT\Demos\Selenium_13\MyMavenProject\src\test\resources
2025-09-03 11:18:51,749 [Worker-73: Building] INFO  o.e.m.c.i.l.LifecycleMappingFactory - Using org.eclipse.m2e.jdt.JarLifecycleMapping lifecycle mapping for MavenProject: MyMavenProject:MyMavenProject:0.0.1-SNAPSHOT @ D:\AViIT\Demos\Selenium_13\MyMavenProject\pom.xml.
2025-09-03 11:18:53,524 [Worker-74: Building] INFO  o.a.m.s.f.DefaultMavenResourcesFiltering - skip non existing resourceDirectory D:\AViIT\Demos\Selenium_13\MyMavenProject\src\main\resources
2025-09-03 11:18:53,527 [Worker-74: Building] INFO  o.a.m.s.f.DefaultMavenResourcesFiltering - skip non existing resourceDirectory D:\AViIT\Demos\Selenium_13\MyMavenProject\src\test\resources
2025-09-03 11:18:54,591 [Worker-70: Building] INFO  o.a.m.s.f.DefaultMavenResourcesFiltering - skip non existing resourceDirectory D:\AViIT\Demos\Selenium_13\MyMavenProject\src\main\resources
2025-09-03 11:18:54,593 [Worker-70: Building] INFO  o.a.m.s.f.DefaultMavenResourcesFiltering - skip non existing resourceDirectory D:\AViIT\Demos\Selenium_13\MyMavenProject\src\test\resources
2025-09-03 11:19:06,139 [Worker-69: Building] INFO  o.a.m.s.f.DefaultMavenResourcesFiltering - skip non existing resourceDirectory D:\AViIT\Demos\Selenium_13\MyMavenProject\src\main\resources
2025-09-03 11:19:06,144 [Worker-69: Building] INFO  o.a.m.s.f.DefaultMavenResourcesFiltering - skip non existing resourceDirectory D:\AViIT\Demos\Selenium_13\MyMavenProject\src\test\resources
2025-09-03 11:19:51,276 [Worker-70: Updating Maven Project] INFO  o.e.m.c.i.p.ProjectConfigurationManager - Update started
2025-09-03 11:19:51,646 [Worker-70: Updating Maven Project] INFO  o.e.m.c.i.l.LifecycleMappingFactory - Using org.eclipse.m2e.jdt.JarLifecycleMapping lifecycle mapping for MavenProject: MyMavenProject:MyMavenProject:0.0.1-SNAPSHOT @ D:\AViIT\Demos\Selenium_13\MyMavenProject\pom.xml.
2025-09-03 11:19:53,247 [Worker-70: Updating Maven Project] INFO  o.e.m.j.i.AbstractJavaProjectConfigurator - Adding source folder /MyMavenProject/src/main/java
2025-09-03 11:19:53,248 [Worker-70: Updating Maven Project] INFO  o.e.m.j.i.AbstractJavaProjectConfigurator - Adding source folder /MyMavenProject/src/test/java
2025-09-03 11:19:54,474 [Worker-70: Updating Maven Project] INFO  o.e.m.c.i.p.ProjectConfigurationManager - Update completed: 3 sec
2025-09-03 11:19:55,085 [Worker-73: Building] INFO  o.a.m.s.f.DefaultMavenResourcesFiltering - skip non existing resourceDirectory D:\AViIT\Demos\Selenium_13\MyMavenProject\src\main\resources
2025-09-03 11:19:55,087 [Worker-73: Building] INFO  o.a.m.s.f.DefaultMavenResourcesFiltering - skip non existing resourceDirectory D:\AViIT\Demos\Selenium_13\MyMavenProject\src\test\resources
2025-09-03 11:22:38,223 [Worker-69: Building] INFO  o.a.m.s.f.DefaultMavenResourcesFiltering - skip non existing resourceDirectory D:\AViIT\Demos\Selenium_13\MyMavenProject\src\main\resources
2025-09-03 11:22:38,225 [Worker-69: Building] INFO  o.a.m.s.f.DefaultMavenResourcesFiltering - skip non existing resourceDirectory D:\AViIT\Demos\Selenium_13\MyMavenProject\src\test\resources
2025-09-03 11:23:00,852 [Worker-69: Building] INFO  o.a.m.s.f.DefaultMavenResourcesFiltering - skip non existing resourceDirectory D:\AViIT\Demos\Selenium_13\MyMavenProject\src\main\resources
2025-09-03 11:23:00,854 [Worker-69: Building] INFO  o.a.m.s.f.DefaultMavenResourcesFiltering - skip non existing resourceDirectory D:\AViIT\Demos\Selenium_13\MyMavenProject\src\test\resources
2025-09-03 11:23:12,283 [Worker-74: Building] INFO  o.a.m.s.f.DefaultMavenResourcesFiltering - skip non existing resourceDirectory D:\AViIT\Demos\Selenium_13\MyMavenProject\src\main\resources
2025-09-03 11:23:12,285 [Worker-74: Building] INFO  o.a.m.s.f.DefaultMavenResourcesFiltering - skip non existing resourceDirectory D:\AViIT\Demos\Selenium_13\MyMavenProject\src\test\resources
2025-09-03 11:24:46,705 [Worker-69: Building] INFO  o.a.m.s.f.DefaultMavenResourcesFiltering - skip non existing resourceDirectory D:\AViIT\Demos\Selenium_13\MyMavenProject\src\main\resources
2025-09-03 11:24:46,707 [Worker-69: Building] INFO  o.a.m.s.f.DefaultMavenResourcesFiltering - skip non existing resourceDirectory D:\AViIT\Demos\Selenium_13\MyMavenProject\src\test\resources
2025-09-03 11:28:19,099 [Worker-75: Building] INFO  o.a.m.s.f.DefaultMavenResourcesFiltering - skip non existing resourceDirectory D:\AViIT\Demos\Selenium_13\MyMavenProject\src\main\resources
2025-09-03 11:28:19,100 [Worker-75: Building] INFO  o.a.m.s.f.DefaultMavenResourcesFiltering - skip non existing resourceDirectory D:\AViIT\Demos\Selenium_13\MyMavenProject\src\test\resources
2025-09-03 11:29:09,814 [Worker-75: Launching D03ReadingFromExcel] INFO  o.a.m.s.f.DefaultMavenResourcesFiltering - skip non existing resourceDirectory D:\AViIT\Demos\Selenium_13\MyMavenProject\src\main\resources
2025-09-03 11:29:09,815 [Worker-75: Launching D03ReadingFromExcel] INFO  o.a.m.s.f.DefaultMavenResourcesFiltering - skip non existing resourceDirectory D:\AViIT\Demos\Selenium_13\MyMavenProject\src\test\resources
2025-09-03 11:29:44,892 [Worker-76: Building] INFO  o.a.m.s.f.DefaultMavenResourcesFiltering - skip non existing resourceDirectory D:\AViIT\Demos\Selenium_13\MyMavenProject\src\main\resources
2025-09-03 11:29:44,894 [Worker-76: Building] INFO  o.a.m.s.f.DefaultMavenResourcesFiltering - skip non existing resourceDirectory D:\AViIT\Demos\Selenium_13\MyMavenProject\src\test\resources
2025-09-06 09:31:11,255 [Worker-5: Building] INFO  o.a.m.s.f.DefaultMavenResourcesFiltering - skip non existing resourceDirectory D:\AViIT\Demos\Selenium_13\MyMavenProject\src\main\resources
2025-09-06 09:31:11,267 [Worker-5: Building] INFO  o.a.m.s.f.DefaultMavenResourcesFiltering - skip non existing resourceDirectory D:\AViIT\Demos\Selenium_13\MyMavenProject\src\test\resources
2025-09-06 09:42:33,627 [Worker-12: Building] INFO  o.a.m.s.f.DefaultMavenResourcesFiltering - skip non existing resourceDirectory D:\AViIT\Demos\Selenium_13\MyMavenProject\src\main\resources
2025-09-06 09:42:33,630 [Worker-12: Building] INFO  o.a.m.s.f.DefaultMavenResourcesFiltering - skip non existing resourceDirectory D:\AViIT\Demos\Selenium_13\MyMavenProject\src\test\resources
2025-09-06 09:42:58,716 [Worker-12: Building] INFO  o.a.m.s.f.DefaultMavenResourcesFiltering - skip non existing resourceDirectory D:\AViIT\Demos\Selenium_13\MyMavenProject\src\main\resources
2025-09-06 09:42:58,719 [Worker-12: Building] INFO  o.a.m.s.f.DefaultMavenResourcesFiltering - skip non existing resourceDirectory D:\AViIT\Demos\Selenium_13\MyMavenProject\src\test\resources
2025-09-06 09:43:03,841 [Worker-15: Building] INFO  o.a.m.s.f.DefaultMavenResourcesFiltering - skip non existing resourceDirectory D:\AViIT\Demos\Selenium_13\MyMavenProject\src\main\resources
2025-09-06 09:43:03,845 [Worker-15: Building] INFO  o.a.m.s.f.DefaultMavenResourcesFiltering - skip non existing resourceDirectory D:\AViIT\Demos\Selenium_13\MyMavenProject\src\test\resources
2025-09-06 09:43:18,773 [Worker-15: Building] INFO  o.a.m.s.f.DefaultMavenResourcesFiltering - skip non existing resourceDirectory D:\AViIT\Demos\Selenium_13\MyMavenProject\src\main\resources
2025-09-06 09:43:18,776 [Worker-15: Building] INFO  o.a.m.s.f.DefaultMavenResourcesFiltering - skip non existing resourceDirectory D:\AViIT\Demos\Selenium_13\MyMavenProject\src\test\resources
2025-09-06 09:43:44,462 [Worker-12: Loading available Gradle versions] INFO  o.e.b.c.i.u.g.PublishedGradleVersions - Gradle version information cache is out-of-date. Trying to update.
2025-09-06 09:44:49,448 [Worker-17: Building] INFO  o.a.m.s.f.DefaultMavenResourcesFiltering - skip non existing resourceDirectory D:\AViIT\Demos\Selenium_13\MyMavenProject\src\main\resources
2025-09-06 09:44:49,451 [Worker-17: Building] INFO  o.a.m.s.f.DefaultMavenResourcesFiltering - skip non existing resourceDirectory D:\AViIT\Demos\Selenium_13\MyMavenProject\src\test\resources
2025-09-06 09:45:06,924 [Worker-17: Building] INFO  o.a.m.s.f.DefaultMavenResourcesFiltering - skip non existing resourceDirectory D:\AViIT\Demos\Selenium_13\MyMavenProject\src\main\resources
2025-09-06 09:45:06,926 [Worker-17: Building] INFO  o.a.m.s.f.DefaultMavenResourcesFiltering - skip non existing resourceDirectory D:\AViIT\Demos\Selenium_13\MyMavenProject\src\test\resources
2025-09-06 09:47:44,753 [Worker-18: Building] INFO  o.a.m.s.f.DefaultMavenResourcesFiltering - skip non existing resourceDirectory D:\AViIT\Demos\Selenium_13\MyMavenProject\src\main\resources
2025-09-06 09:47:44,757 [Worker-18: Building] INFO  o.a.m.s.f.DefaultMavenResourcesFiltering - skip non existing resourceDirectory D:\AViIT\Demos\Selenium_13\MyMavenProject\src\test\resources
2025-09-06 09:49:26,873 [Worker-20: Building] INFO  o.a.m.s.f.DefaultMavenResourcesFiltering - skip non existing resourceDirectory D:\AViIT\Demos\Selenium_13\MyMavenProject\src\main\resources
2025-09-06 09:49:26,887 [Worker-20: Building] INFO  o.a.m.s.f.DefaultMavenResourcesFiltering - skip non existing resourceDirectory D:\AViIT\Demos\Selenium_13\MyMavenProject\src\test\resources
2025-09-06 09:50:10,958 [Worker-18: Building] INFO  o.a.m.s.f.DefaultMavenResourcesFiltering - skip non existing resourceDirectory D:\AViIT\Demos\Selenium_13\MyMavenProject\src\main\resources
2025-09-06 09:50:10,961 [Worker-18: Building] INFO  o.a.m.s.f.DefaultMavenResourcesFiltering - skip non existing resourceDirectory D:\AViIT\Demos\Selenium_13\MyMavenProject\src\test\resources
2025-09-06 10:34:21,244 [Worker-25: Building] INFO  o.a.m.s.f.DefaultMavenResourcesFiltering - skip non existing resourceDirectory D:\AViIT\Demos\Selenium_13\MyMavenProject\src\main\resources
2025-09-06 10:34:21,246 [Worker-25: Building] INFO  o.a.m.s.f.DefaultMavenResourcesFiltering - skip non existing resourceDirectory D:\AViIT\Demos\Selenium_13\MyMavenProject\src\test\resources
2025-09-06 10:37:19,946 [Worker-28: Building] INFO  o.e.m.c.i.l.LifecycleMappingFactory - Using org.eclipse.m2e.jdt.JarLifecycleMapping lifecycle mapping for MavenProject: MyMavenProject:MyMavenProject:0.0.1-SNAPSHOT @ D:\AViIT\Demos\Selenium_13\MyMavenProject\pom.xml.
2025-09-06 10:37:22,497 [Worker-28: Building] INFO  o.a.m.s.f.DefaultMavenResourcesFiltering - skip non existing resourceDirectory D:\AViIT\Demos\Selenium_13\MyMavenProject\src\main\resources
2025-09-06 10:37:22,500 [Worker-28: Building] INFO  o.a.m.s.f.DefaultMavenResourcesFiltering - skip non existing resourceDirectory D:\AViIT\Demos\Selenium_13\MyMavenProject\src\test\resources
2025-09-06 10:37:24,612 [Worker-28: Building] INFO  o.a.m.s.f.DefaultMavenResourcesFiltering - skip non existing resourceDirectory D:\AViIT\Demos\Selenium_13\MyMavenProject\src\main\resources
2025-09-06 10:37:24,615 [Worker-28: Building] INFO  o.a.m.s.f.DefaultMavenResourcesFiltering - skip non existing resourceDirectory D:\AViIT\Demos\Selenium_13\MyMavenProject\src\test\resources
2025-09-06 10:37:44,309 [Worker-27: Building] INFO  o.a.m.s.f.DefaultMavenResourcesFiltering - skip non existing resourceDirectory D:\AViIT\Demos\Selenium_13\MyMavenProject\src\main\resources
2025-09-06 10:37:44,311 [Worker-27: Building] INFO  o.a.m.s.f.DefaultMavenResourcesFiltering - skip non existing resourceDirectory D:\AViIT\Demos\Selenium_13\MyMavenProject\src\test\resources
2025-09-06 10:37:53,715 [Worker-25: Building] INFO  o.e.m.c.i.l.LifecycleMappingFactory - Using org.eclipse.m2e.jdt.JarLifecycleMapping lifecycle mapping for MavenProject: MyMavenProject:MyMavenProject:0.0.1-SNAPSHOT @ D:\AViIT\Demos\Selenium_13\MyMavenProject\pom.xml.
2025-09-06 10:37:55,020 [Worker-25: Building] INFO  o.a.m.s.f.DefaultMavenResourcesFiltering - skip non existing resourceDirectory D:\AViIT\Demos\Selenium_13\MyMavenProject\src\main\resources
2025-09-06 10:37:55,023 [Worker-25: Building] INFO  o.a.m.s.f.DefaultMavenResourcesFiltering - skip non existing resourceDirectory D:\AViIT\Demos\Selenium_13\MyMavenProject\src\test\resources
2025-09-06 10:38:28,861 [Worker-29: Building] INFO  o.a.m.s.f.DefaultMavenResourcesFiltering - skip non existing resourceDirectory D:\AViIT\Demos\Selenium_13\MyMavenProject\src\main\resources
2025-09-06 10:38:28,864 [Worker-29: Building] INFO  o.a.m.s.f.DefaultMavenResourcesFiltering - skip non existing resourceDirectory D:\AViIT\Demos\Selenium_13\MyMavenProject\src\test\resources
2025-09-06 10:40:53,423 [Worker-29: Building] INFO  o.a.m.s.f.DefaultMavenResourcesFiltering - skip non existing resourceDirectory D:\AViIT\Demos\Selenium_13\MyMavenProject\src\main\resources
2025-09-06 10:40:53,425 [Worker-29: Building] INFO  o.a.m.s.f.DefaultMavenResourcesFiltering - skip non existing resourceDirectory D:\AViIT\Demos\Selenium_13\MyMavenProject\src\test\resources
2025-09-06 10:44:14,564 [Worker-28: Building] INFO  o.a.m.s.f.DefaultMavenResourcesFiltering - skip non existing resourceDirectory D:\AViIT\Demos\Selenium_13\MyMavenProject\src\main\resources
2025-09-06 10:44:14,566 [Worker-28: Building] INFO  o.a.m.s.f.DefaultMavenResourcesFiltering - skip non existing resourceDirectory D:\AViIT\Demos\Selenium_13\MyMavenProject\src\test\resources
2025-09-06 10:52:57,502 [Worker-25: Building] INFO  o.a.m.s.f.DefaultMavenResourcesFiltering - skip non existing resourceDirectory D:\AViIT\Demos\Selenium_13\MyMavenProject\src\main\resources
2025-09-06 10:52:57,504 [Worker-25: Building] INFO  o.a.m.s.f.DefaultMavenResourcesFiltering - skip non existing resourceDirectory D:\AViIT\Demos\Selenium_13\MyMavenProject\src\test\resources
2025-09-06 10:53:25,808 [Worker-28: Building] INFO  o.a.m.s.f.DefaultMavenResourcesFiltering - skip non existing resourceDirectory D:\AViIT\Demos\Selenium_13\MyMavenProject\src\main\resources
2025-09-06 10:53:25,810 [Worker-28: Building] INFO  o.a.m.s.f.DefaultMavenResourcesFiltering - skip non existing resourceDirectory D:\AViIT\Demos\Selenium_13\MyMavenProject\src\test\resources
2025-09-06 10:56:40,991 [Worker-31: Building] INFO  o.a.m.s.f.DefaultMavenResourcesFiltering - skip non existing resourceDirectory D:\AViIT\Demos\Selenium_13\MyMavenProject\src\main\resources
2025-09-06 10:56:40,993 [Worker-31: Building] INFO  o.a.m.s.f.DefaultMavenResourcesFiltering - skip non existing resourceDirectory D:\AViIT\Demos\Selenium_13\MyMavenProject\src\test\resources
2025-09-06 10:57:23,578 [Worker-25: Building] INFO  o.a.m.s.f.DefaultMavenResourcesFiltering - skip non existing resourceDirectory D:\AViIT\Demos\Selenium_13\MyMavenProject\src\main\resources
2025-09-06 10:57:23,581 [Worker-25: Building] INFO  o.a.m.s.f.DefaultMavenResourcesFiltering - skip non existing resourceDirectory D:\AViIT\Demos\Selenium_13\MyMavenProject\src\test\resources
2025-09-06 10:58:23,875 [Worker-25: Building] INFO  o.a.m.s.f.DefaultMavenResourcesFiltering - skip non existing resourceDirectory D:\AViIT\Demos\Selenium_13\MyMavenProject\src\main\resources
2025-09-06 10:58:23,877 [Worker-25: Building] INFO  o.a.m.s.f.DefaultMavenResourcesFiltering - skip non existing resourceDirectory D:\AViIT\Demos\Selenium_13\MyMavenProject\src\test\resources
2025-09-06 10:58:45,781 [Worker-32: Building] INFO  o.a.m.s.f.DefaultMavenResourcesFiltering - skip non existing resourceDirectory D:\AViIT\Demos\Selenium_13\MyMavenProject\src\main\resources
2025-09-06 10:58:45,783 [Worker-32: Building] INFO  o.a.m.s.f.DefaultMavenResourcesFiltering - skip non existing resourceDirectory D:\AViIT\Demos\Selenium_13\MyMavenProject\src\test\resources
2025-09-09 09:15:14,185 [Worker-0: Building] INFO  o.a.m.s.f.DefaultMavenResourcesFiltering - skip non existing resourceDirectory D:\AViIT\Demos\Selenium_13\MyMavenProject\src\main\resources
2025-09-09 09:15:14,223 [Worker-0: Building] INFO  o.a.m.s.f.DefaultMavenResourcesFiltering - skip non existing resourceDirectory D:\AViIT\Demos\Selenium_13\MyMavenProject\src\test\resources
2025-09-09 09:15:39,688 [Worker-13: Building] INFO  o.a.m.s.f.DefaultMavenResourcesFiltering - skip non existing resourceDirectory D:\AViIT\Demos\Selenium_13\MyMavenProject\src\main\resources
2025-09-09 09:15:39,692 [Worker-13: Building] INFO  o.a.m.s.f.DefaultMavenResourcesFiltering - skip non existing resourceDirectory D:\AViIT\Demos\Selenium_13\MyMavenProject\src\test\resources
2025-09-09 09:16:20,586 [Worker-13: Loading available Gradle versions] INFO  o.e.b.c.i.u.g.PublishedGradleVersions - Gradle version information cache is up-to-date. Trying to read.
2025-09-09 09:16:39,253 [Worker-12: Building] INFO  o.a.m.s.f.DefaultMavenResourcesFiltering - skip non existing resourceDirectory D:\AViIT\Demos\Selenium_13\MyMavenProject\src\main\resources
2025-09-09 09:16:39,257 [Worker-12: Building] INFO  o.a.m.s.f.DefaultMavenResourcesFiltering - skip non existing resourceDirectory D:\AViIT\Demos\Selenium_13\MyMavenProject\src\test\resources
2025-09-09 09:18:35,847 [Worker-12: Building] INFO  o.a.m.s.f.DefaultMavenResourcesFiltering - skip non existing resourceDirectory D:\AViIT\Demos\Selenium_13\MyMavenProject\src\main\resources
2025-09-09 09:18:35,850 [Worker-12: Building] INFO  o.a.m.s.f.DefaultMavenResourcesFiltering - skip non existing resourceDirectory D:\AViIT\Demos\Selenium_13\MyMavenProject\src\test\resources
2025-09-09 09:23:27,052 [Worker-12: Building] INFO  o.a.m.s.f.DefaultMavenResourcesFiltering - skip non existing resourceDirectory D:\AViIT\Demos\Selenium_13\MyMavenProject\src\main\resources
2025-09-09 09:23:27,055 [Worker-12: Building] INFO  o.a.m.s.f.DefaultMavenResourcesFiltering - skip non existing resourceDirectory D:\AViIT\Demos\Selenium_13\MyMavenProject\src\test\resources
2025-09-09 10:11:21,080 [Worker-15: Building] INFO  o.a.m.s.f.DefaultMavenResourcesFiltering - skip non existing resourceDirectory D:\AViIT\Demos\Selenium_13\MyMavenProject\src\main\resources
2025-09-09 10:11:21,082 [Worker-15: Building] INFO  o.a.m.s.f.DefaultMavenResourcesFiltering - skip non existing resourceDirectory D:\AViIT\Demos\Selenium_13\MyMavenProject\src\test\resources
2025-09-09 10:12:06,107 [Worker-13: Building] INFO  o.a.m.s.f.DefaultMavenResourcesFiltering - skip non existing resourceDirectory D:\AViIT\Demos\Selenium_13\MyMavenProject\src\main\resources
2025-09-09 10:12:06,109 [Worker-13: Building] INFO  o.a.m.s.f.DefaultMavenResourcesFiltering - skip non existing resourceDirectory D:\AViIT\Demos\Selenium_13\MyMavenProject\src\test\resources
2025-09-09 10:13:42,402 [Worker-13: Building] INFO  o.a.m.s.f.DefaultMavenResourcesFiltering - skip non existing resourceDirectory D:\AViIT\Demos\Selenium_13\MyMavenProject\src\main\resources
2025-09-09 10:13:42,406 [Worker-13: Building] INFO  o.a.m.s.f.DefaultMavenResourcesFiltering - skip non existing resourceDirectory D:\AViIT\Demos\Selenium_13\MyMavenProject\src\test\resources
2025-09-09 10:14:40,847 [Worker-16: Building] INFO  o.a.m.s.f.DefaultMavenResourcesFiltering - skip non existing resourceDirectory D:\AViIT\Demos\Selenium_13\MyMavenProject\src\main\resources
2025-09-09 10:14:40,850 [Worker-16: Building] INFO  o.a.m.s.f.DefaultMavenResourcesFiltering - skip non existing resourceDirectory D:\AViIT\Demos\Selenium_13\MyMavenProject\src\test\resources
2025-09-09 10:15:05,670 [Worker-16: Building] INFO  o.a.m.s.f.DefaultMavenResourcesFiltering - skip non existing resourceDirectory D:\AViIT\Demos\Selenium_13\MyMavenProject\src\main\resources
2025-09-09 10:15:05,672 [Worker-16: Building] INFO  o.a.m.s.f.DefaultMavenResourcesFiltering - skip non existing resourceDirectory D:\AViIT\Demos\Selenium_13\MyMavenProject\src\test\resources
2025-09-09 10:19:11,886 [Worker-16: Building] INFO  o.a.m.s.f.DefaultMavenResourcesFiltering - skip non existing resourceDirectory D:\AViIT\Demos\Selenium_13\MyMavenProject\src\main\resources
2025-09-09 10:19:11,890 [Worker-16: Building] INFO  o.a.m.s.f.DefaultMavenResourcesFiltering - skip non existing resourceDirectory D:\AViIT\Demos\Selenium_13\MyMavenProject\src\test\resources
2025-09-09 10:19:43,713 [Worker-16: Building] INFO  o.a.m.s.f.DefaultMavenResourcesFiltering - skip non existing resourceDirectory D:\AViIT\Demos\Selenium_13\MyMavenProject\src\main\resources
2025-09-09 10:19:43,715 [Worker-16: Building] INFO  o.a.m.s.f.DefaultMavenResourcesFiltering - skip non existing resourceDirectory D:\AViIT\Demos\Selenium_13\MyMavenProject\src\test\resources
2025-09-09 10:49:50,357 [Worker-20: Building] INFO  o.e.m.c.i.l.LifecycleMappingFactory - Using org.eclipse.m2e.jdt.JarLifecycleMapping lifecycle mapping for MavenProject: MyMavenProject:MyMavenProject:0.0.1-SNAPSHOT @ D:\AViIT\Demos\Selenium_13\MyMavenProject\pom.xml.
2025-09-09 10:49:51,614 [Worker-20: Building] INFO  o.a.m.s.f.DefaultMavenResourcesFiltering - skip non existing resourceDirectory D:\AViIT\Demos\Selenium_13\MyMavenProject\src\main\resources
2025-09-09 10:49:51,631 [Worker-20: Building] INFO  o.a.m.s.f.DefaultMavenResourcesFiltering - skip non existing resourceDirectory D:\AViIT\Demos\Selenium_13\MyMavenProject\src\test\resources
2025-09-09 10:51:49,707 [Worker-23: Building] INFO  o.e.m.c.i.l.LifecycleMappingFactory - Using org.eclipse.m2e.jdt.JarLifecycleMapping lifecycle mapping for MavenProject: MyMavenProject:MyMavenProject:0.0.1-SNAPSHOT @ D:\AViIT\Demos\Selenium_13\MyMavenProject\pom.xml.
2025-09-09 10:51:50,599 [Worker-23: Building] INFO  o.a.m.s.f.DefaultMavenResourcesFiltering - skip non existing resourceDirectory D:\AViIT\Demos\Selenium_13\MyMavenProject\src\main\resources
2025-09-09 10:51:50,602 [Worker-23: Building] INFO  o.a.m.s.f.DefaultMavenResourcesFiltering - skip non existing resourceDirectory D:\AViIT\Demos\Selenium_13\MyMavenProject\src\test\resources
2025-09-09 10:53:53,695 [Worker-25: Building] INFO  o.a.m.s.f.DefaultMavenResourcesFiltering - skip non existing resourceDirectory D:\AViIT\Demos\Selenium_13\MyMavenProject\src\main\resources
2025-09-09 10:53:53,697 [Worker-25: Building] INFO  o.a.m.s.f.DefaultMavenResourcesFiltering - skip non existing resourceDirectory D:\AViIT\Demos\Selenium_13\MyMavenProject\src\test\resources
2025-09-09 10:55:22,123 [Worker-25: Launching Executing test in D__AViIT_Demos_Selenium_13_MyMavenProject] INFO  o.e.m.i.launch.MavenLaunchDelegate - D:\AViIT\Demos\Selenium_13\MyMavenProject
2025-09-09 10:55:22,129 [Worker-25: Launching Executing test in D__AViIT_Demos_Selenium_13_MyMavenProject] INFO  o.e.m.i.launch.MavenLaunchDelegate -  mvn -B test
2025-09-09 10:56:40,697 [Worker-22: Launching Executing test in D__AViIT_Demos_Selenium_13_MyMavenProject] INFO  o.e.m.i.launch.MavenLaunchDelegate - D:\AViIT\Demos\Selenium_13\MyMavenProject
2025-09-09 10:56:40,698 [Worker-22: Launching Executing test in D__AViIT_Demos_Selenium_13_MyMavenProject] INFO  o.e.m.i.launch.MavenLaunchDelegate -  mvn -B test
2025-09-09 10:57:37,822 [Worker-28: Building] INFO  o.a.m.s.f.DefaultMavenResourcesFiltering - skip non existing resourceDirectory D:\AViIT\Demos\Selenium_13\MyMavenProject\src\main\resources
2025-09-09 10:57:37,824 [Worker-28: Building] INFO  o.a.m.s.f.DefaultMavenResourcesFiltering - skip non existing resourceDirectory D:\AViIT\Demos\Selenium_13\MyMavenProject\src\test\resources
2025-09-09 10:57:45,503 [Worker-28: Launching Executing test in D__AViIT_Demos_Selenium_13_MyMavenProject] INFO  o.e.m.i.launch.MavenLaunchDelegate - D:\AViIT\Demos\Selenium_13\MyMavenProject
2025-09-09 10:57:45,503 [Worker-28: Launching Executing test in D__AViIT_Demos_Selenium_13_MyMavenProject] INFO  o.e.m.i.launch.MavenLaunchDelegate -  mvn -B test
2025-09-09 10:58:12,799 [Worker-22: Launching Executing install in D__AViIT_Demos_Selenium_13_MyMavenProject] INFO  o.e.m.i.launch.MavenLaunchDelegate - D:\AViIT\Demos\Selenium_13\MyMavenProject
2025-09-09 10:58:12,800 [Worker-22: Launching Executing install in D__AViIT_Demos_Selenium_13_MyMavenProject] INFO  o.e.m.i.launch.MavenLaunchDelegate -  mvn -B install
2025-09-09 10:58:36,474 [Worker-29: Launching Executing test in D__AViIT_Demos_Selenium_13_MyMavenProject] INFO  o.e.m.i.launch.MavenLaunchDelegate - D:\AViIT\Demos\Selenium_13\MyMavenProject
2025-09-09 10:58:36,474 [Worker-29: Launching Executing test in D__AViIT_Demos_Selenium_13_MyMavenProject] INFO  o.e.m.i.launch.MavenLaunchDelegate -  mvn -B test
2025-09-09 10:59:57,451 [Worker-28: Launching Executing clean in D__AViIT_Demos_Selenium_13_MyMavenProject] INFO  o.e.m.i.launch.MavenLaunchDelegate - D:\AViIT\Demos\Selenium_13\MyMavenProject
2025-09-09 10:59:57,451 [Worker-28: Launching Executing clean in D__AViIT_Demos_Selenium_13_MyMavenProject] INFO  o.e.m.i.launch.MavenLaunchDelegate -  mvn -B clean
2025-09-09 11:00:14,233 [Worker-29: Launching Executing test in D__AViIT_Demos_Selenium_13_MyMavenProject] INFO  o.e.m.i.launch.MavenLaunchDelegate - D:\AViIT\Demos\Selenium_13\MyMavenProject
2025-09-09 11:00:14,233 [Worker-29: Launching Executing test in D__AViIT_Demos_Selenium_13_MyMavenProject] INFO  o.e.m.i.launch.MavenLaunchDelegate -  mvn -B test
2025-09-09 11:06:33,097 [Worker-29: Launching Executing test in D__AViIT_Demos_Selenium_13_MyMavenProject] INFO  o.e.m.i.launch.MavenLaunchDelegate - D:\AViIT\Demos\Selenium_13\MyMavenProject
2025-09-09 11:06:33,097 [Worker-29: Launching Executing test in D__AViIT_Demos_Selenium_13_MyMavenProject] INFO  o.e.m.i.launch.MavenLaunchDelegate -  mvn -B test
2025-09-09 11:17:29,603 [Worker-33: Launching Executing install in D__AViIT_Demos_Selenium_13_MyMavenProject] INFO  o.e.m.i.launch.MavenLaunchDelegate - D:\AViIT\Demos\Selenium_13\MyMavenProject
2025-09-09 11:17:29,604 [Worker-33: Launching Executing install in D__AViIT_Demos_Selenium_13_MyMavenProject] INFO  o.e.m.i.launch.MavenLaunchDelegate -  mvn -B install
2025-09-09 11:17:44,524 [Worker-34: Launching Executing test in D__AViIT_Demos_Selenium_13_MyMavenProject] INFO  o.e.m.i.launch.MavenLaunchDelegate - D:\AViIT\Demos\Selenium_13\MyMavenProject
2025-09-09 11:17:44,524 [Worker-34: Launching Executing test in D__AViIT_Demos_Selenium_13_MyMavenProject] INFO  o.e.m.i.launch.MavenLaunchDelegate -  mvn -B test
2025-09-09 11:18:11,366 [Worker-35: Launching Executing clean in D__AViIT_Demos_Selenium_13_MyMavenProject] INFO  o.e.m.i.launch.MavenLaunchDelegate - D:\AViIT\Demos\Selenium_13\MyMavenProject
2025-09-09 11:18:11,366 [Worker-35: Launching Executing clean in D__AViIT_Demos_Selenium_13_MyMavenProject] INFO  o.e.m.i.launch.MavenLaunchDelegate -  mvn -B clean
2025-09-09 11:18:21,912 [Worker-36: Launching Executing test in D__AViIT_Demos_Selenium_13_MyMavenProject] INFO  o.e.m.i.launch.MavenLaunchDelegate - D:\AViIT\Demos\Selenium_13\MyMavenProject
2025-09-09 11:18:21,913 [Worker-36: Launching Executing test in D__AViIT_Demos_Selenium_13_MyMavenProject] INFO  o.e.m.i.launch.MavenLaunchDelegate -  mvn -B test
2025-09-09 11:19:48,912 [Worker-34: Building] INFO  o.e.m.c.i.l.LifecycleMappingFactory - Using org.eclipse.m2e.jdt.JarLifecycleMapping lifecycle mapping for MavenProject: MyMavenProject:MyMavenProject:0.0.1-SNAPSHOT @ D:\AViIT\Demos\Selenium_13\MyMavenProject\pom.xml.
2025-09-09 11:19:50,328 [Worker-38: Building] INFO  o.a.m.s.f.DefaultMavenResourcesFiltering - skip non existing resourceDirectory D:\AViIT\Demos\Selenium_13\MyMavenProject\src\main\resources
2025-09-09 11:19:50,330 [Worker-38: Building] INFO  o.a.m.s.f.DefaultMavenResourcesFiltering - skip non existing resourceDirectory D:\AViIT\Demos\Selenium_13\MyMavenProject\src\test\resources
2025-09-09 11:19:55,224 [Worker-34: Launching Executing install in D__AViIT_Demos_Selenium_13_MyMavenProject] INFO  o.e.m.i.launch.MavenLaunchDelegate - D:\AViIT\Demos\Selenium_13\MyMavenProject
2025-09-09 11:19:55,224 [Worker-34: Launching Executing install in D__AViIT_Demos_Selenium_13_MyMavenProject] INFO  o.e.m.i.launch.MavenLaunchDelegate -  mvn -B install
2025-09-09 11:21:25,793 [Worker-36: Building] INFO  o.e.m.c.i.l.LifecycleMappingFactory - Using org.eclipse.m2e.jdt.JarLifecycleMapping lifecycle mapping for MavenProject: MyMavenProject:MyMavenProject:0.0.1-SNAPSHOT @ D:\AViIT\Demos\Selenium_13\MyMavenProject\pom.xml.
2025-09-09 11:21:27,303 [Worker-36: Building] INFO  o.e.m.c.i.l.LifecycleMappingFactory - Using org.eclipse.m2e.jdt.JarLifecycleMapping lifecycle mapping for MavenProject: MyMavenProject:MyMavenProject:0.0.1-SNAPSHOT @ D:\AViIT\Demos\Selenium_13\MyMavenProject\pom.xml.
2025-09-09 11:21:28,576 [Worker-41: Building] INFO  o.a.m.s.f.DefaultMavenResourcesFiltering - skip non existing resourceDirectory D:\AViIT\Demos\Selenium_13\MyMavenProject\src\main\resources
2025-09-09 11:21:28,580 [Worker-41: Building] INFO  o.a.m.s.f.DefaultMavenResourcesFiltering - skip non existing resourceDirectory D:\AViIT\Demos\Selenium_13\MyMavenProject\src\test\resources
2025-09-09 11:21:32,465 [Worker-36: Launching Executing test in D__AViIT_Demos_Selenium_13_MyMavenProject] INFO  o.e.m.i.launch.MavenLaunchDelegate - D:\AViIT\Demos\Selenium_13\MyMavenProject
2025-09-09 11:21:32,465 [Worker-36: Launching Executing test in D__AViIT_Demos_Selenium_13_MyMavenProject] INFO  o.e.m.i.launch.MavenLaunchDelegate -  mvn -B test
2025-09-09 11:21:53,137 [Worker-41: Launching Executing test in D__AViIT_Demos_Selenium_13_MyMavenProject] INFO  o.e.m.i.launch.MavenLaunchDelegate - D:\AViIT\Demos\Selenium_13\MyMavenProject
2025-09-09 11:21:53,137 [Worker-41: Launching Executing test in D__AViIT_Demos_Selenium_13_MyMavenProject] INFO  o.e.m.i.launch.MavenLaunchDelegate -  mvn -B test
2025-09-09 11:25:40,535 [Worker-43: Building] INFO  o.e.m.c.i.l.LifecycleMappingFactory - Using org.eclipse.m2e.jdt.JarLifecycleMapping lifecycle mapping for MavenProject: MyMavenProject:MyMavenProject:0.0.1-SNAPSHOT @ D:\AViIT\Demos\Selenium_13\MyMavenProject\pom.xml.
2025-09-09 11:25:41,395 [Worker-43: Building] INFO  o.a.m.s.f.DefaultMavenResourcesFiltering - skip non existing resourceDirectory D:\AViIT\Demos\Selenium_13\MyMavenProject\src\main\resources
2025-09-09 11:25:41,398 [Worker-43: Building] INFO  o.a.m.s.f.DefaultMavenResourcesFiltering - skip non existing resourceDirectory D:\AViIT\Demos\Selenium_13\MyMavenProject\src\test\resources
2025-09-09 11:25:48,604 [Worker-41: Launching Executing install in D__AViIT_Demos_Selenium_13_MyMavenProject] INFO  o.e.m.i.launch.MavenLaunchDelegate - D:\AViIT\Demos\Selenium_13\MyMavenProject
2025-09-09 11:25:48,604 [Worker-41: Launching Executing install in D__AViIT_Demos_Selenium_13_MyMavenProject] INFO  o.e.m.i.launch.MavenLaunchDelegate -  mvn -B install
2025-09-09 11:26:02,014 [Worker-41: Launching Executing test in D__AViIT_Demos_Selenium_13_MyMavenProject] INFO  o.e.m.i.launch.MavenLaunchDelegate - D:\AViIT\Demos\Selenium_13\MyMavenProject
2025-09-09 11:26:02,014 [Worker-41: Launching Executing test in D__AViIT_Demos_Selenium_13_MyMavenProject] INFO  o.e.m.i.launch.MavenLaunchDelegate -  mvn -B test
2025-09-09 11:26:46,791 [Worker-44: Building] INFO  o.e.m.c.i.l.LifecycleMappingFactory - Using org.eclipse.m2e.jdt.JarLifecycleMapping lifecycle mapping for MavenProject: MyMavenProject:MyMavenProject:0.0.1-SNAPSHOT @ D:\AViIT\Demos\Selenium_13\MyMavenProject\pom.xml.
2025-09-09 11:26:47,677 [Worker-41: Building] INFO  o.a.m.s.f.DefaultMavenResourcesFiltering - skip non existing resourceDirectory D:\AViIT\Demos\Selenium_13\MyMavenProject\src\main\resources
2025-09-09 11:26:47,680 [Worker-41: Building] INFO  o.a.m.s.f.DefaultMavenResourcesFiltering - skip non existing resourceDirectory D:\AViIT\Demos\Selenium_13\MyMavenProject\src\test\resources
2025-09-09 11:27:03,036 [Worker-41: Updating Maven Project] INFO  o.e.m.c.i.p.ProjectConfigurationManager - Update started
2025-09-09 11:27:03,216 [Worker-41: Updating Maven Project] INFO  o.e.m.c.i.l.LifecycleMappingFactory - Using org.eclipse.m2e.jdt.JarLifecycleMapping lifecycle mapping for MavenProject: MyMavenProject:MyMavenProject:0.0.1-SNAPSHOT @ D:\AViIT\Demos\Selenium_13\MyMavenProject\pom.xml.
2025-09-09 11:27:03,770 [Worker-41: Updating Maven Project] INFO  o.e.m.j.i.AbstractJavaProjectConfigurator - Adding source folder /MyMavenProject/src/main/java
2025-09-09 11:27:03,771 [Worker-41: Updating Maven Project] INFO  o.e.m.j.i.AbstractJavaProjectConfigurator - Adding source folder /MyMavenProject/src/test/java
2025-09-09 11:27:04,227 [Worker-41: Updating Maven Project] INFO  o.e.m.c.i.p.ProjectConfigurationManager - Update completed: 1 sec
2025-09-09 11:27:04,803 [Worker-45: Building] INFO  o.a.m.s.f.DefaultMavenResourcesFiltering - skip non existing resourceDirectory D:\AViIT\Demos\Selenium_13\MyMavenProject\src\main\resources
2025-09-09 11:27:04,805 [Worker-45: Building] INFO  o.a.m.s.f.DefaultMavenResourcesFiltering - skip non existing resourceDirectory D:\AViIT\Demos\Selenium_13\MyMavenProject\src\test\resources
2025-09-09 11:27:13,488 [Worker-43: Launching Executing test in D__AViIT_Demos_Selenium_13_MyMavenProject] INFO  o.e.m.i.launch.MavenLaunchDelegate - D:\AViIT\Demos\Selenium_13\MyMavenProject
2025-09-09 11:27:13,488 [Worker-43: Launching Executing test in D__AViIT_Demos_Selenium_13_MyMavenProject] INFO  o.e.m.i.launch.MavenLaunchDelegate -  mvn -B test
2025-09-09 11:28:27,036 [Worker-43: Building] ERROR o.e.m.c.i.p.r.ProjectRegistryManager - Could not read pom.xml
org.eclipse.core.runtime.CoreException: Could not read pom.xml
	at org.eclipse.m2e.core.internal.embedder.MavenImpl.readModel(MavenImpl.java:579)
	at org.eclipse.m2e.core.internal.project.registry.ProjectRegistryManager.refreshPhase2(ProjectRegistryManager.java:547)
	at org.eclipse.m2e.core.internal.project.registry.ProjectRegistryManager.refresh(ProjectRegistryManager.java:503)
	at org.eclipse.m2e.core.internal.project.registry.ProjectRegistryManager.refresh(ProjectRegistryManager.java:349)
	at org.eclipse.m2e.core.internal.project.registry.ProjectRegistryManager.refresh(ProjectRegistryManager.java:303)
	at org.eclipse.m2e.core.internal.builder.MavenBuilder$BuildMethod.getProjectFacade(MavenBuilder.java:151)
	at org.eclipse.m2e.core.internal.builder.MavenBuilder$BuildMethod.lambda$0(MavenBuilder.java:89)
	at org.eclipse.m2e.core.internal.embedder.MavenExecutionContext.executeBare(MavenExecutionContext.java:182)
	at org.eclipse.m2e.core.internal.embedder.MavenExecutionContext.execute(MavenExecutionContext.java:156)
	at org.eclipse.m2e.core.internal.embedder.MavenExecutionContext.execute(MavenExecutionContext.java:103)
	at org.eclipse.m2e.core.internal.builder.MavenBuilder$BuildMethod.execute(MavenBuilder.java:88)
	at org.eclipse.m2e.core.internal.builder.MavenBuilder.build(MavenBuilder.java:198)
	at org.eclipse.core.internal.events.BuildManager$2.run(BuildManager.java:860)
	at org.eclipse.core.runtime.SafeRunner.run(SafeRunner.java:45)
	at org.eclipse.core.internal.events.BuildManager.basicBuild(BuildManager.java:232)
	at org.eclipse.core.internal.events.BuildManager.basicBuild(BuildManager.java:281)
	at org.eclipse.core.internal.events.BuildManager$1.run(BuildManager.java:334)
	at org.eclipse.core.runtime.SafeRunner.run(SafeRunner.java:45)
	at org.eclipse.core.internal.events.BuildManager.basicBuild(BuildManager.java:337)
	at org.eclipse.core.internal.events.BuildManager.basicBuildLoop(BuildManager.java:392)
	at org.eclipse.core.internal.events.BuildManager.build(BuildManager.java:417)
	at org.eclipse.core.internal.events.AutoBuildJob.doBuild(AutoBuildJob.java:161)
	at org.eclipse.core.internal.events.AutoBuildJob.run(AutoBuildJob.java:255)
	at org.eclipse.core.internal.jobs.Worker.run(Worker.java:63)
Caused by: org.apache.maven.model.io.ModelParseException: end tag name </plugins> must match start tag name <plugin> from line 89 (position: TEXT seen ...</dependencies>\r\n\t\t</plugins>... @111:13) 
	at org.apache.maven.model.io.DefaultModelReader.read(DefaultModelReader.java:117)
	at org.apache.maven.model.io.DefaultModelReader.read(DefaultModelReader.java:85)
	at org.eclipse.m2e.core.internal.embedder.MavenImpl.readModel(MavenImpl.java:577)
	... 23 common frames omitted
Caused by: org.codehaus.plexus.util.xml.pull.XmlPullParserException: end tag name </plugins> must match start tag name <plugin> from line 89 (position: TEXT seen ...</dependencies>\r\n\t\t</plugins>... @111:13) 
	at org.codehaus.plexus.util.xml.pull.MXParser.parseEndTag(MXParser.java:2090)
	at org.codehaus.plexus.util.xml.pull.MXParser.nextImpl(MXParser.java:1361)
	at org.codehaus.plexus.util.xml.pull.MXParser.next(MXParser.java:1319)
	at org.codehaus.plexus.util.xml.pull.MXParser.nextTag(MXParser.java:1305)
	at org.apache.maven.model.io.xpp3.MavenXpp3Reader.parsePlugin(MavenXpp3Reader.java:2717)
	at org.apache.maven.model.io.xpp3.MavenXpp3Reader.parseBuild(MavenXpp3Reader.java:988)
	at org.apache.maven.model.io.xpp3.MavenXpp3Reader.parseModel(MavenXpp3Reader.java:2281)
	at org.apache.maven.model.io.xpp3.MavenXpp3Reader.read(MavenXpp3Reader.java:3872)
	at org.apache.maven.model.io.xpp3.MavenXpp3Reader.read(MavenXpp3Reader.java:595)
	at org.apache.maven.model.io.DefaultModelReader.read(DefaultModelReader.java:112)
	... 25 common frames omitted
2025-09-09 11:28:28,333 [Worker-43: Building] ERROR o.e.m.c.i.p.r.ProjectRegistryManager - Could not read pom.xml
org.eclipse.core.runtime.CoreException: Could not read pom.xml
	at org.eclipse.m2e.core.internal.embedder.MavenImpl.readModel(MavenImpl.java:579)
	at org.eclipse.m2e.core.internal.project.registry.ProjectRegistryManager.refreshPhase2(ProjectRegistryManager.java:547)
	at org.eclipse.m2e.core.internal.project.registry.ProjectRegistryManager.refresh(ProjectRegistryManager.java:503)
	at org.eclipse.m2e.core.internal.project.registry.ProjectRegistryManager.refresh(ProjectRegistryManager.java:349)
	at org.eclipse.m2e.core.internal.project.registry.ProjectRegistryManager.refresh(ProjectRegistryManager.java:303)
	at org.eclipse.m2e.core.internal.builder.MavenBuilder$BuildMethod.getProjectFacade(MavenBuilder.java:151)
	at org.eclipse.m2e.core.internal.builder.MavenBuilder$BuildMethod.lambda$0(MavenBuilder.java:89)
	at org.eclipse.m2e.core.internal.embedder.MavenExecutionContext.executeBare(MavenExecutionContext.java:182)
	at org.eclipse.m2e.core.internal.embedder.MavenExecutionContext.execute(MavenExecutionContext.java:156)
	at org.eclipse.m2e.core.internal.embedder.MavenExecutionContext.execute(MavenExecutionContext.java:103)
	at org.eclipse.m2e.core.internal.builder.MavenBuilder$BuildMethod.execute(MavenBuilder.java:88)
	at org.eclipse.m2e.core.internal.builder.MavenBuilder.build(MavenBuilder.java:198)
	at org.eclipse.core.internal.events.BuildManager$2.run(BuildManager.java:860)
	at org.eclipse.core.runtime.SafeRunner.run(SafeRunner.java:45)
	at org.eclipse.core.internal.events.BuildManager.basicBuild(BuildManager.java:232)
	at org.eclipse.core.internal.events.BuildManager.basicBuild(BuildManager.java:281)
	at org.eclipse.core.internal.events.BuildManager$1.run(BuildManager.java:334)
	at org.eclipse.core.runtime.SafeRunner.run(SafeRunner.java:45)
	at org.eclipse.core.internal.events.BuildManager.basicBuild(BuildManager.java:337)
	at org.eclipse.core.internal.events.BuildManager.basicBuildLoop(BuildManager.java:392)
	at org.eclipse.core.internal.events.BuildManager.build(BuildManager.java:417)
	at org.eclipse.core.internal.events.AutoBuildJob.doBuild(AutoBuildJob.java:161)
	at org.eclipse.core.internal.events.AutoBuildJob.run(AutoBuildJob.java:255)
	at org.eclipse.core.internal.jobs.Worker.run(Worker.java:63)
Caused by: org.apache.maven.model.io.ModelParseException: end tag name </plugins> must match start tag name <plugin> from line 89 (position: TEXT seen ...</dependencies>\r\n\t\t</plugins>... @111:13) 
	at org.apache.maven.model.io.DefaultModelReader.read(DefaultModelReader.java:117)
	at org.apache.maven.model.io.DefaultModelReader.read(DefaultModelReader.java:85)
	at org.eclipse.m2e.core.internal.embedder.MavenImpl.readModel(MavenImpl.java:577)
	... 23 common frames omitted
Caused by: org.codehaus.plexus.util.xml.pull.XmlPullParserException: end tag name </plugins> must match start tag name <plugin> from line 89 (position: TEXT seen ...</dependencies>\r\n\t\t</plugins>... @111:13) 
	at org.codehaus.plexus.util.xml.pull.MXParser.parseEndTag(MXParser.java:2090)
	at org.codehaus.plexus.util.xml.pull.MXParser.nextImpl(MXParser.java:1361)
	at org.codehaus.plexus.util.xml.pull.MXParser.next(MXParser.java:1319)
	at org.codehaus.plexus.util.xml.pull.MXParser.nextTag(MXParser.java:1305)
	at org.apache.maven.model.io.xpp3.MavenXpp3Reader.parsePlugin(MavenXpp3Reader.java:2717)
	at org.apache.maven.model.io.xpp3.MavenXpp3Reader.parseBuild(MavenXpp3Reader.java:988)
	at org.apache.maven.model.io.xpp3.MavenXpp3Reader.parseModel(MavenXpp3Reader.java:2281)
	at org.apache.maven.model.io.xpp3.MavenXpp3Reader.read(MavenXpp3Reader.java:3872)
	at org.apache.maven.model.io.xpp3.MavenXpp3Reader.read(MavenXpp3Reader.java:595)
	at org.apache.maven.model.io.DefaultModelReader.read(DefaultModelReader.java:112)
	... 25 common frames omitted
2025-09-09 11:28:51,105 [Worker-41: Building] INFO  o.e.m.c.i.l.LifecycleMappingFactory - Using org.eclipse.m2e.jdt.JarLifecycleMapping lifecycle mapping for MavenProject: MyMavenProject:MyMavenProject:0.0.1-SNAPSHOT @ D:\AViIT\Demos\Selenium_13\MyMavenProject\pom.xml.
2025-09-09 11:28:52,088 [Worker-41: Building] INFO  o.a.m.s.f.DefaultMavenResourcesFiltering - skip non existing resourceDirectory D:\AViIT\Demos\Selenium_13\MyMavenProject\src\main\resources
2025-09-09 11:28:52,091 [Worker-41: Building] INFO  o.a.m.s.f.DefaultMavenResourcesFiltering - skip non existing resourceDirectory D:\AViIT\Demos\Selenium_13\MyMavenProject\src\test\resources
2025-09-09 11:28:53,767 [Worker-43: Building] INFO  o.a.m.s.f.DefaultMavenResourcesFiltering - skip non existing resourceDirectory D:\AViIT\Demos\Selenium_13\MyMavenProject\src\main\resources
2025-09-09 11:28:53,769 [Worker-43: Building] INFO  o.a.m.s.f.DefaultMavenResourcesFiltering - skip non existing resourceDirectory D:\AViIT\Demos\Selenium_13\MyMavenProject\src\test\resources
2025-09-09 11:29:13,881 [Worker-41: Launching Executing test in D__AViIT_Demos_Selenium_13_MyMavenProject] INFO  o.e.m.i.launch.MavenLaunchDelegate - D:\AViIT\Demos\Selenium_13\MyMavenProject
2025-09-09 11:29:13,881 [Worker-41: Launching Executing test in D__AViIT_Demos_Selenium_13_MyMavenProject] INFO  o.e.m.i.launch.MavenLaunchDelegate -  mvn -B test
2025-09-09 11:29:35,600 [Worker-41: Launching Executing clean in D__AViIT_Demos_Selenium_13_MyMavenProject] INFO  o.e.m.i.launch.MavenLaunchDelegate - D:\AViIT\Demos\Selenium_13\MyMavenProject
2025-09-09 11:29:35,600 [Worker-41: Launching Executing clean in D__AViIT_Demos_Selenium_13_MyMavenProject] INFO  o.e.m.i.launch.MavenLaunchDelegate -  mvn -B clean
2025-09-09 11:29:46,195 [Worker-46: Launching Executing test in D__AViIT_Demos_Selenium_13_MyMavenProject] INFO  o.e.m.i.launch.MavenLaunchDelegate - D:\AViIT\Demos\Selenium_13\MyMavenProject
2025-09-09 11:29:46,195 [Worker-46: Launching Executing test in D__AViIT_Demos_Selenium_13_MyMavenProject] INFO  o.e.m.i.launch.MavenLaunchDelegate -  mvn -B test
2025-09-09 11:30:43,361 [Worker-43: Building] INFO  o.e.m.c.i.l.LifecycleMappingFactory - Using org.eclipse.m2e.jdt.JarLifecycleMapping lifecycle mapping for MavenProject: MyMavenProject:MyMavenProject:0.0.1-SNAPSHOT @ D:\AViIT\Demos\Selenium_13\MyMavenProject\pom.xml.
2025-09-09 11:30:44,166 [Worker-41: Building] INFO  o.a.m.s.f.DefaultMavenResourcesFiltering - skip non existing resourceDirectory D:\AViIT\Demos\Selenium_13\MyMavenProject\src\main\resources
2025-09-09 11:30:44,169 [Worker-41: Building] INFO  o.a.m.s.f.DefaultMavenResourcesFiltering - skip non existing resourceDirectory D:\AViIT\Demos\Selenium_13\MyMavenProject\src\test\resources
2025-09-09 11:30:59,401 [Worker-46: Launching Executing clean in D__AViIT_Demos_Selenium_13_MyMavenProject] INFO  o.e.m.i.launch.MavenLaunchDelegate - D:\AViIT\Demos\Selenium_13\MyMavenProject
2025-09-09 11:30:59,401 [Worker-46: Launching Executing clean in D__AViIT_Demos_Selenium_13_MyMavenProject] INFO  o.e.m.i.launch.MavenLaunchDelegate -  mvn -B clean
2025-09-09 11:31:09,037 [Worker-45: Launching Executing test in D__AViIT_Demos_Selenium_13_MyMavenProject] INFO  o.e.m.i.launch.MavenLaunchDelegate - D:\AViIT\Demos\Selenium_13\MyMavenProject
2025-09-09 11:31:09,037 [Worker-45: Launching Executing test in D__AViIT_Demos_Selenium_13_MyMavenProject] INFO  o.e.m.i.launch.MavenLaunchDelegate -  mvn -B test
2025-09-10 07:22:59,726 [Worker-4: Loading available Gradle versions] INFO  o.e.b.c.i.u.g.PublishedGradleVersions - Gradle version information cache is up-to-date. Trying to read.
2025-09-10 07:23:06,136 [Worker-13: Building] INFO  o.a.m.s.f.DefaultMavenResourcesFiltering - skip non existing resourceDirectory D:\AViIT\Demos\Selenium_13\MyMavenProject\src\main\resources
2025-09-10 07:23:06,139 [Worker-13: Building] INFO  o.a.m.s.f.DefaultMavenResourcesFiltering - skip non existing resourceDirectory D:\AViIT\Demos\Selenium_13\MyMavenProject\src\test\resources
2025-09-10 07:23:07,791 [Worker-13: Building] INFO  o.a.m.s.f.DefaultMavenResourcesFiltering - skip non existing resourceDirectory D:\AViIT\Demos\Selenium_13\MyMavenProject\src\main\resources
2025-09-10 07:23:07,794 [Worker-13: Building] INFO  o.a.m.s.f.DefaultMavenResourcesFiltering - skip non existing resourceDirectory D:\AViIT\Demos\Selenium_13\MyMavenProject\src\test\resources
2025-09-10 07:23:51,942 [Worker-4: Launching Executing clean in D__AViIT_Demos_Selenium_13_MyMavenProject] INFO  o.e.m.i.launch.MavenLaunchDelegate - D:\AViIT\Demos\Selenium_13\MyMavenProject
2025-09-10 07:23:51,944 [Worker-4: Launching Executing clean in D__AViIT_Demos_Selenium_13_MyMavenProject] INFO  o.e.m.i.launch.MavenLaunchDelegate -  mvn -B clean
2025-09-10 07:24:02,879 [Worker-13: Launching Executing test in D__AViIT_Demos_Selenium_13_MyMavenProject] INFO  o.e.m.i.launch.MavenLaunchDelegate - D:\AViIT\Demos\Selenium_13\MyMavenProject
2025-09-10 07:24:02,879 [Worker-13: Launching Executing test in D__AViIT_Demos_Selenium_13_MyMavenProject] INFO  o.e.m.i.launch.MavenLaunchDelegate -  mvn -B test
2025-09-10 07:24:50,844 [Worker-4: Building] INFO  o.a.m.s.f.DefaultMavenResourcesFiltering - skip non existing resourceDirectory D:\AViIT\Demos\Selenium_13\MyMavenProject\src\main\resources
2025-09-10 07:24:50,847 [Worker-4: Building] INFO  o.a.m.s.f.DefaultMavenResourcesFiltering - skip non existing resourceDirectory D:\AViIT\Demos\Selenium_13\MyMavenProject\src\test\resources
2025-09-10 07:33:05,181 [Worker-4: Building] INFO  o.e.m.c.i.l.LifecycleMappingFactory - Using org.eclipse.m2e.jdt.JarLifecycleMapping lifecycle mapping for MavenProject: MyMavenProject:MyMavenProject:0.0.1-SNAPSHOT @ D:\AViIT\Demos\Selenium_13\MyMavenProject\pom.xml.
2025-09-10 07:33:06,456 [Worker-16: Building] INFO  o.a.m.s.f.DefaultMavenResourcesFiltering - skip non existing resourceDirectory D:\AViIT\Demos\Selenium_13\MyMavenProject\src\main\resources
2025-09-10 07:33:06,459 [Worker-16: Building] INFO  o.a.m.s.f.DefaultMavenResourcesFiltering - skip non existing resourceDirectory D:\AViIT\Demos\Selenium_13\MyMavenProject\src\test\resources
2025-09-10 07:33:12,965 [Worker-16: Launching Executing install in D__AViIT_Demos_Selenium_13_MyMavenProject] INFO  o.e.m.i.launch.MavenLaunchDelegate - D:\AViIT\Demos\Selenium_13\MyMavenProject
2025-09-10 07:33:12,965 [Worker-16: Launching Executing install in D__AViIT_Demos_Selenium_13_MyMavenProject] INFO  o.e.m.i.launch.MavenLaunchDelegate -  mvn -B install
2025-09-10 07:33:50,119 [Worker-15: Building] INFO  o.a.m.s.f.DefaultMavenResourcesFiltering - skip non existing resourceDirectory D:\AViIT\Demos\Selenium_13\MyMavenProject\src\main\resources
2025-09-10 07:33:50,122 [Worker-15: Building] INFO  o.a.m.s.f.DefaultMavenResourcesFiltering - skip non existing resourceDirectory D:\AViIT\Demos\Selenium_13\MyMavenProject\src\test\resources
2025-09-10 09:22:59,970 [Worker-4: Launching Executing test in D__AViIT_Demos_Selenium_13_MyMavenProject] INFO  o.e.m.i.launch.MavenLaunchDelegate - D:\AViIT\Demos\Selenium_13\MyMavenProject
2025-09-10 09:22:59,974 [Worker-4: Launching Executing test in D__AViIT_Demos_Selenium_13_MyMavenProject] INFO  o.e.m.i.launch.MavenLaunchDelegate -  mvn -B test
2025-09-10 10:19:32,473 [ModalContext] INFO  o.e.m.c.i.e.AbstractTransferListenerAdapter - Downloading https://repo1.maven.org/maven2/io/cucumber/cucumber-archetype/7.28.0/cucumber-archetype-7.28.0.jar
2025-09-10 10:19:33,167 [ModalContext] INFO  o.e.m.c.i.e.AbstractTransferListenerAdapter - Downloaded https://repo1.maven.org/maven2/io/cucumber/cucumber-archetype/7.28.0/cucumber-archetype-7.28.0.jar
2025-09-10 10:19:33,521 [ModalContext] INFO  o.e.m.c.i.e.AbstractTransferListenerAdapter - Downloading https://repo1.maven.org/maven2/io/cucumber/cucumber-archetype/7.28.0/cucumber-archetype-7.28.0.pom
2025-09-10 10:19:33,974 [ModalContext] INFO  o.e.m.c.i.e.AbstractTransferListenerAdapter - Downloaded https://repo1.maven.org/maven2/io/cucumber/cucumber-archetype/7.28.0/cucumber-archetype-7.28.0.pom
2025-09-10 10:19:48,775 [Worker-22: Creating cucumber-archetype] INFO  o.e.m.c.i.p.ProjectConfigurationManager - Collecting project info '/pom.xml' D:\AViIT\Demos\Selenium_13\MyCucumberProject\pom.xml
2025-09-10 10:19:49,206 [Worker-22: Creating cucumber-archetype] INFO  o.e.m.c.i.e.AbstractTransferListenerAdapter - Downloading https://repo.maven.apache.org/maven2/io/cucumber/cucumber-bom/7.28.0/cucumber-bom-7.28.0.pom
2025-09-10 10:19:49,240 [Worker-22: Creating cucumber-archetype] INFO  o.e.m.c.i.e.AbstractTransferListenerAdapter - Downloaded https://repo.maven.apache.org/maven2/io/cucumber/cucumber-bom/7.28.0/cucumber-bom-7.28.0.pom
2025-09-10 10:19:49,258 [Worker-22: Creating cucumber-archetype] INFO  o.e.m.c.i.e.AbstractTransferListenerAdapter - Downloading https://repo.maven.apache.org/maven2/io/cucumber/cucumber-jvm/7.28.0/cucumber-jvm-7.28.0.pom
2025-09-10 10:19:49,336 [Worker-22: Creating cucumber-archetype] INFO  o.e.m.c.i.e.AbstractTransferListenerAdapter - Downloaded https://repo.maven.apache.org/maven2/io/cucumber/cucumber-jvm/7.28.0/cucumber-jvm-7.28.0.pom
2025-09-10 10:19:49,380 [Worker-22: Creating cucumber-archetype] INFO  o.e.m.c.i.e.AbstractTransferListenerAdapter - Downloading https://repo.maven.apache.org/maven2/org/assertj/assertj-bom/3.27.4/assertj-bom-3.27.4.pom
2025-09-10 10:19:49,401 [Worker-22: Creating cucumber-archetype] INFO  o.e.m.c.i.e.AbstractTransferListenerAdapter - Downloaded https://repo.maven.apache.org/maven2/org/assertj/assertj-bom/3.27.4/assertj-bom-3.27.4.pom
2025-09-10 10:19:50,023 [Worker-22: Creating cucumber-archetype] INFO  o.e.m.c.i.l.LifecycleMappingFactory - Using org.eclipse.m2e.jdt.JarLifecycleMapping lifecycle mapping for MavenProject: MyCucumberProject:MyCucumberProject:0.0.1-SNAPSHOT @ D:\AViIT\Demos\Selenium_13\MyCucumberProject\pom.xml.
2025-09-10 10:19:50,038 [Worker-22: Creating cucumber-archetype] INFO  o.e.m.c.i.e.AbstractTransferListenerAdapter - Downloading https://repo.maven.apache.org/maven2/io/cucumber/cucumber-java/7.28.0/cucumber-java-7.28.0.pom
2025-09-10 10:19:50,071 [Worker-22: Creating cucumber-archetype] INFO  o.e.m.c.i.e.AbstractTransferListenerAdapter - Downloaded https://repo.maven.apache.org/maven2/io/cucumber/cucumber-java/7.28.0/cucumber-java-7.28.0.pom
2025-09-10 10:19:50,104 [Worker-22: Creating cucumber-archetype] INFO  o.e.m.c.i.e.AbstractTransferListenerAdapter - Downloading https://repo.maven.apache.org/maven2/com/fasterxml/jackson/jackson-bom/2.20.0/jackson-bom-2.20.0.pom
2025-09-10 10:19:50,165 [Worker-22: Creating cucumber-archetype] INFO  o.e.m.c.i.e.AbstractTransferListenerAdapter - Downloaded https://repo.maven.apache.org/maven2/com/fasterxml/jackson/jackson-bom/2.20.0/jackson-bom-2.20.0.pom
2025-09-10 10:19:50,194 [Worker-22: Creating cucumber-archetype] INFO  o.e.m.c.i.e.AbstractTransferListenerAdapter - Downloading https://repo.maven.apache.org/maven2/com/fasterxml/jackson/jackson-parent/2.20/jackson-parent-2.20.pom
2025-09-10 10:19:50,216 [Worker-22: Creating cucumber-archetype] INFO  o.e.m.c.i.e.AbstractTransferListenerAdapter - Downloaded https://repo.maven.apache.org/maven2/com/fasterxml/jackson/jackson-parent/2.20/jackson-parent-2.20.pom
2025-09-10 10:19:50,238 [Worker-22: Creating cucumber-archetype] INFO  o.e.m.c.i.e.AbstractTransferListenerAdapter - Downloading https://repo.maven.apache.org/maven2/com/fasterxml/oss-parent/70/oss-parent-70.pom
2025-09-10 10:19:50,276 [Worker-22: Creating cucumber-archetype] INFO  o.e.m.c.i.e.AbstractTransferListenerAdapter - Downloaded https://repo.maven.apache.org/maven2/com/fasterxml/oss-parent/70/oss-parent-70.pom
2025-09-10 10:19:50,593 [Worker-22: Creating cucumber-archetype] INFO  o.e.m.c.i.e.AbstractTransferListenerAdapter - Downloading https://repo.maven.apache.org/maven2/io/cucumber/cucumber-core/7.28.0/cucumber-core-7.28.0.pom
2025-09-10 10:19:50,636 [Worker-22: Creating cucumber-archetype] INFO  o.e.m.c.i.e.AbstractTransferListenerAdapter - Downloaded https://repo.maven.apache.org/maven2/io/cucumber/cucumber-core/7.28.0/cucumber-core-7.28.0.pom
2025-09-10 10:19:50,955 [Worker-22: Creating cucumber-archetype] INFO  o.e.m.c.i.e.AbstractTransferListenerAdapter - Downloading https://repo.maven.apache.org/maven2/io/cucumber/cucumber-gherkin/7.28.0/cucumber-gherkin-7.28.0.pom
2025-09-10 10:19:51,284 [Worker-22: Creating cucumber-archetype] INFO  o.e.m.c.i.e.AbstractTransferListenerAdapter - Downloaded https://repo.maven.apache.org/maven2/io/cucumber/cucumber-gherkin/7.28.0/cucumber-gherkin-7.28.0.pom
2025-09-10 10:19:51,314 [Worker-22: Creating cucumber-archetype] INFO  o.e.m.c.i.e.AbstractTransferListenerAdapter - Downloading https://repo.maven.apache.org/maven2/io/cucumber/cucumber-plugin/7.28.0/cucumber-plugin-7.28.0.pom
2025-09-10 10:19:51,339 [Worker-22: Creating cucumber-archetype] INFO  o.e.m.c.i.e.AbstractTransferListenerAdapter - Downloaded https://repo.maven.apache.org/maven2/io/cucumber/cucumber-plugin/7.28.0/cucumber-plugin-7.28.0.pom
2025-09-10 10:19:51,362 [Worker-22: Creating cucumber-archetype] INFO  o.e.m.c.i.e.AbstractTransferListenerAdapter - Downloading https://repo.maven.apache.org/maven2/io/cucumber/cucumber-gherkin-messages/7.28.0/cucumber-gherkin-messages-7.28.0.pom
2025-09-10 10:19:51,390 [Worker-22: Creating cucumber-archetype] INFO  o.e.m.c.i.e.AbstractTransferListenerAdapter - Downloaded https://repo.maven.apache.org/maven2/io/cucumber/cucumber-gherkin-messages/7.28.0/cucumber-gherkin-messages-7.28.0.pom
2025-09-10 10:19:51,420 [Worker-22: Creating cucumber-archetype] INFO  o.e.m.c.i.e.AbstractTransferListenerAdapter - Downloading https://repo.maven.apache.org/maven2/io/cucumber/gherkin/34.0.0/gherkin-34.0.0.pom
2025-09-10 10:19:51,442 [Worker-22: Creating cucumber-archetype] INFO  o.e.m.c.i.e.AbstractTransferListenerAdapter - Downloaded https://repo.maven.apache.org/maven2/io/cucumber/gherkin/34.0.0/gherkin-34.0.0.pom
2025-09-10 10:19:51,506 [Worker-22: Creating cucumber-archetype] INFO  o.e.m.c.i.e.AbstractTransferListenerAdapter - Downloading https://repo.maven.apache.org/maven2/org/assertj/assertj-core/3.27.4/assertj-core-3.27.4.pom
2025-09-10 10:19:51,530 [Worker-22: Creating cucumber-archetype] INFO  o.e.m.c.i.e.AbstractTransferListenerAdapter - Downloaded https://repo.maven.apache.org/maven2/org/assertj/assertj-core/3.27.4/assertj-core-3.27.4.pom
2025-09-10 10:19:51,564 [Worker-22: Creating cucumber-archetype] INFO  o.e.m.c.i.e.AbstractTransferListenerAdapter - Downloading https://repo.maven.apache.org/maven2/io/cucumber/pretty-formatter/2.1.0/pretty-formatter-2.1.0.pom
2025-09-10 10:19:51,588 [Worker-22: Creating cucumber-archetype] INFO  o.e.m.c.i.e.AbstractTransferListenerAdapter - Downloaded https://repo.maven.apache.org/maven2/io/cucumber/pretty-formatter/2.1.0/pretty-formatter-2.1.0.pom
2025-09-10 10:19:51,609 [Worker-22: Creating cucumber-archetype] INFO  o.e.m.c.i.e.AbstractTransferListenerAdapter - Downloading https://repo.maven.apache.org/maven2/io/cucumber/query/13.6.0/query-13.6.0.pom
2025-09-10 10:19:51,647 [Worker-22: Creating cucumber-archetype] INFO  o.e.m.c.i.e.AbstractTransferListenerAdapter - Downloaded https://repo.maven.apache.org/maven2/io/cucumber/query/13.6.0/query-13.6.0.pom
2025-09-10 10:19:51,733 [Worker-22: Creating cucumber-archetype] INFO  o.e.m.c.i.e.AbstractTransferListenerAdapter - Downloading https://repo.maven.apache.org/maven2/io/cucumber/cucumber-json-formatter/0.1.1/cucumber-json-formatter-0.1.1.pom
2025-09-10 10:19:51,754 [Worker-22: Creating cucumber-archetype] INFO  o.e.m.c.i.e.AbstractTransferListenerAdapter - Downloaded https://repo.maven.apache.org/maven2/io/cucumber/cucumber-json-formatter/0.1.1/cucumber-json-formatter-0.1.1.pom
2025-09-10 10:19:51,782 [Worker-22: Creating cucumber-archetype] INFO  o.e.m.c.i.e.AbstractTransferListenerAdapter - Downloading https://repo.maven.apache.org/maven2/com/networknt/json-schema-validator/1.5.8/json-schema-validator-1.5.8.pom
2025-09-10 10:19:51,814 [Worker-22: Creating cucumber-archetype] INFO  o.e.m.c.i.e.AbstractTransferListenerAdapter - Downloaded https://repo.maven.apache.org/maven2/com/networknt/json-schema-validator/1.5.8/json-schema-validator-1.5.8.pom
2025-09-10 10:19:51,841 [Worker-22: Creating cucumber-archetype] INFO  o.e.m.c.i.e.AbstractTransferListenerAdapter - Downloading https://repo.maven.apache.org/maven2/com/ethlo/time/itu/1.10.3/itu-1.10.3.pom
2025-09-10 10:19:51,865 [Worker-22: Creating cucumber-archetype] INFO  o.e.m.c.i.e.AbstractTransferListenerAdapter - Downloaded https://repo.maven.apache.org/maven2/com/ethlo/time/itu/1.10.3/itu-1.10.3.pom
2025-09-10 10:19:51,885 [Worker-22: Creating cucumber-archetype] INFO  o.e.m.c.i.e.AbstractTransferListenerAdapter - Downloading https://repo.maven.apache.org/maven2/com/fasterxml/jackson/core/jackson-databind/2.18.3/jackson-databind-2.18.3.pom
2025-09-10 10:19:51,916 [Worker-22: Creating cucumber-archetype] INFO  o.e.m.c.i.e.AbstractTransferListenerAdapter - Downloaded https://repo.maven.apache.org/maven2/com/fasterxml/jackson/core/jackson-databind/2.18.3/jackson-databind-2.18.3.pom
2025-09-10 10:19:51,938 [Worker-22: Creating cucumber-archetype] INFO  o.e.m.c.i.e.AbstractTransferListenerAdapter - Downloading https://repo.maven.apache.org/maven2/com/fasterxml/jackson/jackson-base/2.18.3/jackson-base-2.18.3.pom
2025-09-10 10:19:51,968 [Worker-22: Creating cucumber-archetype] INFO  o.e.m.c.i.e.AbstractTransferListenerAdapter - Downloaded https://repo.maven.apache.org/maven2/com/fasterxml/jackson/jackson-base/2.18.3/jackson-base-2.18.3.pom
2025-09-10 10:19:51,998 [Worker-22: Creating cucumber-archetype] INFO  o.e.m.c.i.e.AbstractTransferListenerAdapter - Downloading https://repo.maven.apache.org/maven2/com/fasterxml/jackson/core/jackson-annotations/2.18.3/jackson-annotations-2.18.3.pom
2025-09-10 10:19:52,014 [Worker-22: Creating cucumber-archetype] INFO  o.e.m.c.i.e.AbstractTransferListenerAdapter - Downloaded https://repo.maven.apache.org/maven2/com/fasterxml/jackson/core/jackson-annotations/2.18.3/jackson-annotations-2.18.3.pom
2025-09-10 10:19:52,034 [Worker-22: Creating cucumber-archetype] INFO  o.e.m.c.i.e.AbstractTransferListenerAdapter - Downloading https://repo.maven.apache.org/maven2/com/fasterxml/jackson/core/jackson-core/2.18.3/jackson-core-2.18.3.pom
2025-09-10 10:19:52,052 [Worker-22: Creating cucumber-archetype] INFO  o.e.m.c.i.e.AbstractTransferListenerAdapter - Downloaded https://repo.maven.apache.org/maven2/com/fasterxml/jackson/core/jackson-core/2.18.3/jackson-core-2.18.3.pom
2025-09-10 10:19:52,071 [Worker-22: Creating cucumber-archetype] INFO  o.e.m.c.i.e.AbstractTransferListenerAdapter - Downloading https://repo.maven.apache.org/maven2/com/fasterxml/jackson/dataformat/jackson-dataformat-yaml/2.18.3/jackson-dataformat-yaml-2.18.3.pom
2025-09-10 10:19:52,090 [Worker-22: Creating cucumber-archetype] INFO  o.e.m.c.i.e.AbstractTransferListenerAdapter - Downloaded https://repo.maven.apache.org/maven2/com/fasterxml/jackson/dataformat/jackson-dataformat-yaml/2.18.3/jackson-dataformat-yaml-2.18.3.pom
2025-09-10 10:19:52,107 [Worker-22: Creating cucumber-archetype] INFO  o.e.m.c.i.e.AbstractTransferListenerAdapter - Downloading https://repo.maven.apache.org/maven2/com/fasterxml/jackson/dataformat/jackson-dataformats-text/2.18.3/jackson-dataformats-text-2.18.3.pom
2025-09-10 10:19:52,124 [Worker-22: Creating cucumber-archetype] INFO  o.e.m.c.i.e.AbstractTransferListenerAdapter - Downloaded https://repo.maven.apache.org/maven2/com/fasterxml/jackson/dataformat/jackson-dataformats-text/2.18.3/jackson-dataformats-text-2.18.3.pom
2025-09-10 10:19:52,161 [Worker-22: Creating cucumber-archetype] INFO  o.e.m.c.i.e.AbstractTransferListenerAdapter - Downloading https://repo.maven.apache.org/maven2/org/yaml/snakeyaml/2.3/snakeyaml-2.3.pom
2025-09-10 10:19:52,184 [Worker-22: Creating cucumber-archetype] INFO  o.e.m.c.i.e.AbstractTransferListenerAdapter - Downloaded https://repo.maven.apache.org/maven2/org/yaml/snakeyaml/2.3/snakeyaml-2.3.pom
2025-09-10 10:19:52,204 [Worker-22: Creating cucumber-archetype] INFO  o.e.m.c.i.e.AbstractTransferListenerAdapter - Downloading https://repo.maven.apache.org/maven2/org/slf4j/slf4j-api/2.0.17/slf4j-api-2.0.17.pom
2025-09-10 10:19:52,239 [Worker-22: Creating cucumber-archetype] INFO  o.e.m.c.i.e.AbstractTransferListenerAdapter - Downloaded https://repo.maven.apache.org/maven2/org/slf4j/slf4j-api/2.0.17/slf4j-api-2.0.17.pom
2025-09-10 10:19:52,262 [Worker-22: Creating cucumber-archetype] INFO  o.e.m.c.i.e.AbstractTransferListenerAdapter - Downloading https://repo.maven.apache.org/maven2/org/slf4j/slf4j-parent/2.0.17/slf4j-parent-2.0.17.pom
2025-09-10 10:19:52,286 [Worker-22: Creating cucumber-archetype] INFO  o.e.m.c.i.e.AbstractTransferListenerAdapter - Downloaded https://repo.maven.apache.org/maven2/org/slf4j/slf4j-parent/2.0.17/slf4j-parent-2.0.17.pom
2025-09-10 10:19:52,316 [Worker-22: Creating cucumber-archetype] INFO  o.e.m.c.i.e.AbstractTransferListenerAdapter - Downloading https://repo.maven.apache.org/maven2/org/slf4j/slf4j-bom/2.0.17/slf4j-bom-2.0.17.pom
2025-09-10 10:19:52,334 [Worker-22: Creating cucumber-archetype] INFO  o.e.m.c.i.e.AbstractTransferListenerAdapter - Downloaded https://repo.maven.apache.org/maven2/org/slf4j/slf4j-bom/2.0.17/slf4j-bom-2.0.17.pom
2025-09-10 10:19:52,354 [Worker-22: Creating cucumber-archetype] INFO  o.e.m.c.i.e.AbstractTransferListenerAdapter - Downloading https://repo.maven.apache.org/maven2/io/cucumber/datatable/7.28.0/datatable-7.28.0.pom
2025-09-10 10:19:52,440 [Worker-22: Creating cucumber-archetype] INFO  o.e.m.c.i.e.AbstractTransferListenerAdapter - Downloaded https://repo.maven.apache.org/maven2/io/cucumber/datatable/7.28.0/datatable-7.28.0.pom
2025-09-10 10:19:52,463 [Worker-22: Creating cucumber-archetype] INFO  o.e.m.c.i.e.AbstractTransferListenerAdapter - Downloading https://repo.maven.apache.org/maven2/io/cucumber/docstring/7.28.0/docstring-7.28.0.pom
2025-09-10 10:19:52,485 [Worker-22: Creating cucumber-archetype] INFO  o.e.m.c.i.e.AbstractTransferListenerAdapter - Downloaded https://repo.maven.apache.org/maven2/io/cucumber/docstring/7.28.0/docstring-7.28.0.pom
2025-09-10 10:19:52,508 [Worker-22: Creating cucumber-archetype] INFO  o.e.m.c.i.e.AbstractTransferListenerAdapter - Downloading https://repo.maven.apache.org/maven2/io/cucumber/junit-xml-formatter/0.8.1/junit-xml-formatter-0.8.1.pom
2025-09-10 10:19:52,524 [Worker-22: Creating cucumber-archetype] INFO  o.e.m.c.i.e.AbstractTransferListenerAdapter - Downloaded https://repo.maven.apache.org/maven2/io/cucumber/junit-xml-formatter/0.8.1/junit-xml-formatter-0.8.1.pom
2025-09-10 10:19:52,565 [Worker-22: Creating cucumber-archetype] INFO  o.e.m.c.i.e.AbstractTransferListenerAdapter - Downloading https://repo.maven.apache.org/maven2/io/cucumber/cucumber-junit-platform-engine/7.28.0/cucumber-junit-platform-engine-7.28.0.pom
2025-09-10 10:19:52,610 [Worker-22: Creating cucumber-archetype] INFO  o.e.m.c.i.e.AbstractTransferListenerAdapter - Downloaded https://repo.maven.apache.org/maven2/io/cucumber/cucumber-junit-platform-engine/7.28.0/cucumber-junit-platform-engine-7.28.0.pom
2025-09-10 10:19:52,695 [AetherRepositoryConnector-repo.maven.apache.org-0-0] INFO  o.e.m.c.i.e.AbstractTransferListenerAdapter - Downloading https://repo.maven.apache.org/maven2/io/cucumber/cucumber-java/7.28.0/cucumber-java-7.28.0.jar
2025-09-10 10:19:52,765 [AetherRepositoryConnector-repo.maven.apache.org-0-1] INFO  o.e.m.c.i.e.AbstractTransferListenerAdapter - Downloading https://repo.maven.apache.org/maven2/io/cucumber/cucumber-core/7.28.0/cucumber-core-7.28.0.jar
2025-09-10 10:19:52,806 [AetherRepositoryConnector-repo.maven.apache.org-0-4] INFO  o.e.m.c.i.e.AbstractTransferListenerAdapter - Downloading https://repo.maven.apache.org/maven2/io/cucumber/gherkin/34.0.0/gherkin-34.0.0.jar
2025-09-10 10:19:52,807 [AetherRepositoryConnector-repo.maven.apache.org-0-3] INFO  o.e.m.c.i.e.AbstractTransferListenerAdapter - Downloading https://repo.maven.apache.org/maven2/io/cucumber/cucumber-gherkin-messages/7.28.0/cucumber-gherkin-messages-7.28.0.jar
2025-09-10 10:19:52,819 [AetherRepositoryConnector-repo.maven.apache.org-0-2] INFO  o.e.m.c.i.e.AbstractTransferListenerAdapter - Downloading https://repo.maven.apache.org/maven2/io/cucumber/cucumber-gherkin/7.28.0/cucumber-gherkin-7.28.0.jar
2025-09-10 10:19:53,039 [AetherRepositoryConnector-repo.maven.apache.org-0-3] INFO  o.e.m.c.i.e.AbstractTransferListenerAdapter - Downloaded https://repo.maven.apache.org/maven2/io/cucumber/cucumber-gherkin-messages/7.28.0/cucumber-gherkin-messages-7.28.0.jar
2025-09-10 10:19:53,052 [AetherRepositoryConnector-repo.maven.apache.org-0-2] INFO  o.e.m.c.i.e.AbstractTransferListenerAdapter - Downloaded https://repo.maven.apache.org/maven2/io/cucumber/cucumber-gherkin/7.28.0/cucumber-gherkin-7.28.0.jar
2025-09-10 10:19:53,205 [AetherRepositoryConnector-repo.maven.apache.org-0-3] INFO  o.e.m.c.i.e.AbstractTransferListenerAdapter - Downloading https://repo.maven.apache.org/maven2/io/cucumber/pretty-formatter/2.1.0/pretty-formatter-2.1.0.jar
2025-09-10 10:19:53,228 [AetherRepositoryConnector-repo.maven.apache.org-0-2] INFO  o.e.m.c.i.e.AbstractTransferListenerAdapter - Downloading https://repo.maven.apache.org/maven2/io/cucumber/query/13.6.0/query-13.6.0.jar
2025-09-10 10:19:53,232 [AetherRepositoryConnector-repo.maven.apache.org-0-4] INFO  o.e.m.c.i.e.AbstractTransferListenerAdapter - Downloaded https://repo.maven.apache.org/maven2/io/cucumber/gherkin/34.0.0/gherkin-34.0.0.jar
2025-09-10 10:19:53,343 [AetherRepositoryConnector-repo.maven.apache.org-0-0] INFO  o.e.m.c.i.e.AbstractTransferListenerAdapter - Downloaded https://repo.maven.apache.org/maven2/io/cucumber/cucumber-java/7.28.0/cucumber-java-7.28.0.jar
2025-09-10 10:19:53,402 [AetherRepositoryConnector-repo.maven.apache.org-0-4] INFO  o.e.m.c.i.e.AbstractTransferListenerAdapter - Downloading https://repo.maven.apache.org/maven2/io/cucumber/cucumber-json-formatter/0.1.1/cucumber-json-formatter-0.1.1.jar
2025-09-10 10:19:53,487 [AetherRepositoryConnector-repo.maven.apache.org-0-2] INFO  o.e.m.c.i.e.AbstractTransferListenerAdapter - Downloaded https://repo.maven.apache.org/maven2/io/cucumber/query/13.6.0/query-13.6.0.jar
2025-09-10 10:19:53,505 [AetherRepositoryConnector-repo.maven.apache.org-0-0] INFO  o.e.m.c.i.e.AbstractTransferListenerAdapter - Downloading https://repo.maven.apache.org/maven2/com/networknt/json-schema-validator/1.5.8/json-schema-validator-1.5.8.jar
2025-09-10 10:19:53,659 [AetherRepositoryConnector-repo.maven.apache.org-0-2] INFO  o.e.m.c.i.e.AbstractTransferListenerAdapter - Downloading https://repo.maven.apache.org/maven2/com/ethlo/time/itu/1.10.3/itu-1.10.3.jar
2025-09-10 10:19:53,665 [AetherRepositoryConnector-repo.maven.apache.org-0-4] INFO  o.e.m.c.i.e.AbstractTransferListenerAdapter - Downloaded https://repo.maven.apache.org/maven2/io/cucumber/cucumber-json-formatter/0.1.1/cucumber-json-formatter-0.1.1.jar
2025-09-10 10:19:53,863 [AetherRepositoryConnector-repo.maven.apache.org-0-3] INFO  o.e.m.c.i.e.AbstractTransferListenerAdapter - Downloaded https://repo.maven.apache.org/maven2/io/cucumber/pretty-formatter/2.1.0/pretty-formatter-2.1.0.jar
2025-09-10 10:19:53,870 [AetherRepositoryConnector-repo.maven.apache.org-0-4] INFO  o.e.m.c.i.e.AbstractTransferListenerAdapter - Downloading https://repo.maven.apache.org/maven2/com/fasterxml/jackson/core/jackson-databind/2.18.3/jackson-databind-2.18.3.jar
2025-09-10 10:19:53,922 [AetherRepositoryConnector-repo.maven.apache.org-0-2] INFO  o.e.m.c.i.e.AbstractTransferListenerAdapter - Downloaded https://repo.maven.apache.org/maven2/com/ethlo/time/itu/1.10.3/itu-1.10.3.jar
2025-09-10 10:19:53,966 [AetherRepositoryConnector-repo.maven.apache.org-0-3] INFO  o.e.m.c.i.e.AbstractTransferListenerAdapter - Downloading https://repo.maven.apache.org/maven2/com/fasterxml/jackson/core/jackson-annotations/2.18.3/jackson-annotations-2.18.3.jar
2025-09-10 10:19:54,121 [AetherRepositoryConnector-repo.maven.apache.org-0-2] INFO  o.e.m.c.i.e.AbstractTransferListenerAdapter - Downloading https://repo.maven.apache.org/maven2/com/fasterxml/jackson/core/jackson-core/2.18.3/jackson-core-2.18.3.jar
2025-09-10 10:19:54,124 [AetherRepositoryConnector-repo.maven.apache.org-0-0] INFO  o.e.m.c.i.e.AbstractTransferListenerAdapter - Downloaded https://repo.maven.apache.org/maven2/com/networknt/json-schema-validator/1.5.8/json-schema-validator-1.5.8.jar
2025-09-10 10:19:54,276 [AetherRepositoryConnector-repo.maven.apache.org-0-3] INFO  o.e.m.c.i.e.AbstractTransferListenerAdapter - Downloaded https://repo.maven.apache.org/maven2/com/fasterxml/jackson/core/jackson-annotations/2.18.3/jackson-annotations-2.18.3.jar
2025-09-10 10:19:54,313 [AetherRepositoryConnector-repo.maven.apache.org-0-0] INFO  o.e.m.c.i.e.AbstractTransferListenerAdapter - Downloading https://repo.maven.apache.org/maven2/com/fasterxml/jackson/dataformat/jackson-dataformat-yaml/2.18.3/jackson-dataformat-yaml-2.18.3.jar
2025-09-10 10:19:54,465 [AetherRepositoryConnector-repo.maven.apache.org-0-3] INFO  o.e.m.c.i.e.AbstractTransferListenerAdapter - Downloading https://repo.maven.apache.org/maven2/org/yaml/snakeyaml/2.3/snakeyaml-2.3.jar
2025-09-10 10:19:54,641 [AetherRepositoryConnector-repo.maven.apache.org-0-0] INFO  o.e.m.c.i.e.AbstractTransferListenerAdapter - Downloaded https://repo.maven.apache.org/maven2/com/fasterxml/jackson/dataformat/jackson-dataformat-yaml/2.18.3/jackson-dataformat-yaml-2.18.3.jar
2025-09-10 10:19:54,838 [AetherRepositoryConnector-repo.maven.apache.org-0-0] INFO  o.e.m.c.i.e.AbstractTransferListenerAdapter - Downloading https://repo.maven.apache.org/maven2/org/slf4j/slf4j-api/2.0.17/slf4j-api-2.0.17.jar
2025-09-10 10:19:54,996 [AetherRepositoryConnector-repo.maven.apache.org-0-2] INFO  o.e.m.c.i.e.AbstractTransferListenerAdapter - Downloaded https://repo.maven.apache.org/maven2/com/fasterxml/jackson/core/jackson-core/2.18.3/jackson-core-2.18.3.jar
2025-09-10 10:19:55,145 [AetherRepositoryConnector-repo.maven.apache.org-0-2] INFO  o.e.m.c.i.e.AbstractTransferListenerAdapter - Downloading https://repo.maven.apache.org/maven2/io/cucumber/datatable/7.28.0/datatable-7.28.0.jar
2025-09-10 10:19:55,148 [AetherRepositoryConnector-repo.maven.apache.org-0-1] INFO  o.e.m.c.i.e.AbstractTransferListenerAdapter - Downloaded https://repo.maven.apache.org/maven2/io/cucumber/cucumber-core/7.28.0/cucumber-core-7.28.0.jar
2025-09-10 10:19:55,148 [AetherRepositoryConnector-repo.maven.apache.org-0-3] INFO  o.e.m.c.i.e.AbstractTransferListenerAdapter - Downloaded https://repo.maven.apache.org/maven2/org/yaml/snakeyaml/2.3/snakeyaml-2.3.jar
2025-09-10 10:19:55,148 [AetherRepositoryConnector-repo.maven.apache.org-0-0] INFO  o.e.m.c.i.e.AbstractTransferListenerAdapter - Downloaded https://repo.maven.apache.org/maven2/org/slf4j/slf4j-api/2.0.17/slf4j-api-2.0.17.jar
2025-09-10 10:19:55,185 [AetherRepositoryConnector-repo.maven.apache.org-0-1] INFO  o.e.m.c.i.e.AbstractTransferListenerAdapter - Downloading https://repo.maven.apache.org/maven2/io/cucumber/cucumber-plugin/7.28.0/cucumber-plugin-7.28.0.jar
2025-09-10 10:19:55,188 [AetherRepositoryConnector-repo.maven.apache.org-0-0] INFO  o.e.m.c.i.e.AbstractTransferListenerAdapter - Downloading https://repo.maven.apache.org/maven2/io/cucumber/junit-xml-formatter/0.8.1/junit-xml-formatter-0.8.1.jar
2025-09-10 10:19:55,202 [AetherRepositoryConnector-repo.maven.apache.org-0-4] INFO  o.e.m.c.i.e.AbstractTransferListenerAdapter - Downloaded https://repo.maven.apache.org/maven2/com/fasterxml/jackson/core/jackson-databind/2.18.3/jackson-databind-2.18.3.jar
2025-09-10 10:19:55,208 [AetherRepositoryConnector-repo.maven.apache.org-0-2] INFO  o.e.m.c.i.e.AbstractTransferListenerAdapter - Downloaded https://repo.maven.apache.org/maven2/io/cucumber/datatable/7.28.0/datatable-7.28.0.jar
2025-09-10 10:19:55,240 [AetherRepositoryConnector-repo.maven.apache.org-0-2] INFO  o.e.m.c.i.e.AbstractTransferListenerAdapter - Downloading https://repo.maven.apache.org/maven2/org/assertj/assertj-core/3.27.4/assertj-core-3.27.4.jar
2025-09-10 10:19:55,243 [AetherRepositoryConnector-repo.maven.apache.org-0-0] INFO  o.e.m.c.i.e.AbstractTransferListenerAdapter - Downloaded https://repo.maven.apache.org/maven2/io/cucumber/junit-xml-formatter/0.8.1/junit-xml-formatter-0.8.1.jar
2025-09-10 10:19:55,243 [AetherRepositoryConnector-repo.maven.apache.org-0-1] INFO  o.e.m.c.i.e.AbstractTransferListenerAdapter - Downloaded https://repo.maven.apache.org/maven2/io/cucumber/cucumber-plugin/7.28.0/cucumber-plugin-7.28.0.jar
2025-09-10 10:19:55,361 [AetherRepositoryConnector-repo.maven.apache.org-0-4] INFO  o.e.m.c.i.e.AbstractTransferListenerAdapter - Downloading https://repo.maven.apache.org/maven2/io/cucumber/cucumber-junit-platform-engine/7.28.0/cucumber-junit-platform-engine-7.28.0.jar
2025-09-10 10:19:55,632 [AetherRepositoryConnector-repo.maven.apache.org-0-3] INFO  o.e.m.c.i.e.AbstractTransferListenerAdapter - Downloading https://repo.maven.apache.org/maven2/io/cucumber/docstring/7.28.0/docstring-7.28.0.jar
2025-09-10 10:19:55,664 [AetherRepositoryConnector-repo.maven.apache.org-0-4] INFO  o.e.m.c.i.e.AbstractTransferListenerAdapter - Downloaded https://repo.maven.apache.org/maven2/io/cucumber/cucumber-junit-platform-engine/7.28.0/cucumber-junit-platform-engine-7.28.0.jar
2025-09-10 10:19:55,687 [AetherRepositoryConnector-repo.maven.apache.org-0-3] INFO  o.e.m.c.i.e.AbstractTransferListenerAdapter - Downloaded https://repo.maven.apache.org/maven2/io/cucumber/docstring/7.28.0/docstring-7.28.0.jar
2025-09-10 10:19:55,714 [AetherRepositoryConnector-repo.maven.apache.org-0-2] INFO  o.e.m.c.i.e.AbstractTransferListenerAdapter - Downloaded https://repo.maven.apache.org/maven2/org/assertj/assertj-core/3.27.4/assertj-core-3.27.4.jar
2025-09-10 10:20:00,676 [Worker-22: Creating cucumber-archetype] INFO  o.e.m.j.i.AbstractJavaProjectConfigurator - Adding source folder /MyCucumberProject/src/main/java
2025-09-10 10:20:00,696 [Worker-22: Creating cucumber-archetype] INFO  o.e.m.j.i.AbstractJavaProjectConfigurator - Adding source folder /MyCucumberProject/src/test/java
2025-09-10 10:20:00,697 [Worker-22: Creating cucumber-archetype] INFO  o.e.m.j.i.AbstractJavaProjectConfigurator - Adding resource folder /MyCucumberProject/src/test/resources
2025-09-10 10:20:01,464 [Worker-24: Download sources and javadoc] INFO  o.e.m.c.i.e.AbstractTransferListenerAdapter - Downloading https://repo.maven.apache.org/maven2/io/cucumber/cucumber-java/7.28.0/cucumber-java-7.28.0-sources.jar
2025-09-10 10:20:01,658 [Worker-24: Download sources and javadoc] INFO  o.e.m.c.i.e.AbstractTransferListenerAdapter - Downloaded https://repo.maven.apache.org/maven2/io/cucumber/cucumber-java/7.28.0/cucumber-java-7.28.0-sources.jar
2025-09-10 10:20:01,741 [Worker-24: Download sources and javadoc] INFO  o.e.m.j.internal.DownloadSourcesJob - Downloaded sources for io.cucumber:cucumber-java:7.28.0
2025-09-10 10:20:01,952 [Worker-24: Download sources and javadoc] INFO  o.e.m.c.i.e.AbstractTransferListenerAdapter - Downloading https://repo.maven.apache.org/maven2/io/cucumber/cucumber-core/7.28.0/cucumber-core-7.28.0-sources.jar
2025-09-10 10:20:02,149 [Worker-24: Download sources and javadoc] INFO  o.e.m.c.i.e.AbstractTransferListenerAdapter - Downloaded https://repo.maven.apache.org/maven2/io/cucumber/cucumber-core/7.28.0/cucumber-core-7.28.0-sources.jar
2025-09-10 10:20:02,245 [Worker-24: Download sources and javadoc] INFO  o.e.m.j.internal.DownloadSourcesJob - Downloaded sources for io.cucumber:cucumber-core:7.28.0
2025-09-10 10:20:02,397 [Worker-24: Download sources and javadoc] INFO  o.e.m.c.i.e.AbstractTransferListenerAdapter - Downloading https://repo.maven.apache.org/maven2/io/cucumber/cucumber-gherkin/7.28.0/cucumber-gherkin-7.28.0-sources.jar
2025-09-10 10:20:02,430 [Worker-24: Download sources and javadoc] INFO  o.e.m.c.i.e.AbstractTransferListenerAdapter - Downloaded https://repo.maven.apache.org/maven2/io/cucumber/cucumber-gherkin/7.28.0/cucumber-gherkin-7.28.0-sources.jar
2025-09-10 10:20:02,564 [Worker-24: Download sources and javadoc] INFO  o.e.m.j.internal.DownloadSourcesJob - Downloaded sources for io.cucumber:cucumber-gherkin:7.28.0
2025-09-10 10:20:02,735 [Worker-24: Download sources and javadoc] INFO  o.e.m.c.i.e.AbstractTransferListenerAdapter - Downloading https://repo.maven.apache.org/maven2/io/cucumber/cucumber-gherkin-messages/7.28.0/cucumber-gherkin-messages-7.28.0-sources.jar
2025-09-10 10:20:03,116 [Worker-24: Download sources and javadoc] INFO  o.e.m.c.i.e.AbstractTransferListenerAdapter - Downloaded https://repo.maven.apache.org/maven2/io/cucumber/cucumber-gherkin-messages/7.28.0/cucumber-gherkin-messages-7.28.0-sources.jar
2025-09-10 10:20:03,117 [Worker-22: Creating cucumber-archetype] INFO  o.e.m.c.i.p.ProjectConfigurationManager - Imported and configured 1 project(s) in 14 sec
2025-09-10 10:20:03,546 [Worker-24: Download sources and javadoc] INFO  o.e.m.j.internal.DownloadSourcesJob - Downloaded sources for io.cucumber:cucumber-gherkin-messages:7.28.0
2025-09-10 10:20:03,977 [Worker-24: Download sources and javadoc] INFO  o.e.m.c.i.e.AbstractTransferListenerAdapter - Downloading https://repo.maven.apache.org/maven2/io/cucumber/gherkin/34.0.0/gherkin-34.0.0-sources.jar
2025-09-10 10:20:04,085 [Worker-24: Download sources and javadoc] INFO  o.e.m.c.i.e.AbstractTransferListenerAdapter - Downloaded https://repo.maven.apache.org/maven2/io/cucumber/gherkin/34.0.0/gherkin-34.0.0-sources.jar
2025-09-10 10:20:04,214 [Worker-24: Download sources and javadoc] INFO  o.e.m.j.internal.DownloadSourcesJob - Downloaded sources for io.cucumber:gherkin:34.0.0
2025-09-10 10:20:04,312 [Worker-24: Download sources and javadoc] INFO  o.e.m.c.i.e.AbstractTransferListenerAdapter - Downloading https://repo.maven.apache.org/maven2/io/cucumber/pretty-formatter/2.1.0/pretty-formatter-2.1.0-sources.jar
2025-09-10 10:20:04,655 [Worker-24: Download sources and javadoc] INFO  o.e.m.c.i.e.AbstractTransferListenerAdapter - Downloaded https://repo.maven.apache.org/maven2/io/cucumber/pretty-formatter/2.1.0/pretty-formatter-2.1.0-sources.jar
2025-09-10 10:20:04,768 [Worker-24: Download sources and javadoc] INFO  o.e.m.j.internal.DownloadSourcesJob - Downloaded sources for io.cucumber:pretty-formatter:2.1.0
2025-09-10 10:20:05,489 [Worker-25: Building] INFO  o.e.m.c.i.embedder.EclipseLogger - Using 'UTF-8' encoding to copy filtered resources.
2025-09-10 10:20:05,489 [Worker-25: Building] INFO  o.e.m.c.i.embedder.EclipseLogger - skip non existing resourceDirectory D:\AViIT\Demos\Selenium_13\MyCucumberProject\src\main\resources
2025-09-10 10:20:05,493 [Worker-25: Building] INFO  o.e.m.c.i.embedder.EclipseLogger - Using 'UTF-8' encoding to copy filtered resources.
2025-09-10 10:20:05,497 [Worker-25: Building] INFO  o.e.m.c.i.embedder.EclipseLogger - Copying 1 resource
2025-09-10 10:20:05,517 [Worker-24: Download sources and javadoc] INFO  o.e.m.c.i.e.AbstractTransferListenerAdapter - Downloading https://repo.maven.apache.org/maven2/io/cucumber/query/13.6.0/query-13.6.0-sources.jar
2025-09-10 10:20:05,548 [Worker-24: Download sources and javadoc] INFO  o.e.m.c.i.e.AbstractTransferListenerAdapter - Downloaded https://repo.maven.apache.org/maven2/io/cucumber/query/13.6.0/query-13.6.0-sources.jar
2025-09-10 10:20:05,795 [Worker-24: Download sources and javadoc] INFO  o.e.m.j.internal.DownloadSourcesJob - Downloaded sources for io.cucumber:query:13.6.0
2025-09-10 10:20:05,875 [Worker-24: Download sources and javadoc] INFO  o.e.m.c.i.e.AbstractTransferListenerAdapter - Downloading https://repo.maven.apache.org/maven2/io/cucumber/cucumber-json-formatter/0.1.1/cucumber-json-formatter-0.1.1-sources.jar
2025-09-10 10:20:05,920 [Worker-24: Download sources and javadoc] INFO  o.e.m.c.i.e.AbstractTransferListenerAdapter - Downloaded https://repo.maven.apache.org/maven2/io/cucumber/cucumber-json-formatter/0.1.1/cucumber-json-formatter-0.1.1-sources.jar
2025-09-10 10:20:06,009 [Worker-24: Download sources and javadoc] INFO  o.e.m.j.internal.DownloadSourcesJob - Downloaded sources for io.cucumber:cucumber-json-formatter:0.1.1
2025-09-10 10:20:06,080 [Worker-24: Download sources and javadoc] INFO  o.e.m.c.i.e.AbstractTransferListenerAdapter - Downloading https://repo.maven.apache.org/maven2/com/networknt/json-schema-validator/1.5.8/json-schema-validator-1.5.8-sources.jar
2025-09-10 10:20:06,212 [Worker-24: Download sources and javadoc] INFO  o.e.m.c.i.e.AbstractTransferListenerAdapter - Downloaded https://repo.maven.apache.org/maven2/com/networknt/json-schema-validator/1.5.8/json-schema-validator-1.5.8-sources.jar
2025-09-10 10:20:06,295 [Worker-24: Download sources and javadoc] INFO  o.e.m.j.internal.DownloadSourcesJob - Downloaded sources for com.networknt:json-schema-validator:1.5.8
2025-09-10 10:20:06,342 [Worker-24: Download sources and javadoc] INFO  o.e.m.c.i.e.AbstractTransferListenerAdapter - Downloading https://repo.maven.apache.org/maven2/com/ethlo/time/itu/1.10.3/itu-1.10.3-sources.jar
2025-09-10 10:20:06,365 [Worker-24: Download sources and javadoc] INFO  o.e.m.c.i.e.AbstractTransferListenerAdapter - Downloaded https://repo.maven.apache.org/maven2/com/ethlo/time/itu/1.10.3/itu-1.10.3-sources.jar
2025-09-10 10:20:06,428 [Worker-24: Download sources and javadoc] INFO  o.e.m.j.internal.DownloadSourcesJob - Downloaded sources for com.ethlo.time:itu:1.10.3
2025-09-10 10:20:06,493 [Worker-24: Download sources and javadoc] INFO  o.e.m.c.i.e.AbstractTransferListenerAdapter - Downloading https://repo.maven.apache.org/maven2/com/fasterxml/jackson/core/jackson-databind/2.18.3/jackson-databind-2.18.3-sources.jar
2025-09-10 10:20:06,904 [Worker-24: Download sources and javadoc] INFO  o.e.m.c.i.e.AbstractTransferListenerAdapter - Downloaded https://repo.maven.apache.org/maven2/com/fasterxml/jackson/core/jackson-databind/2.18.3/jackson-databind-2.18.3-sources.jar
2025-09-10 10:20:07,015 [Worker-24: Download sources and javadoc] INFO  o.e.m.j.internal.DownloadSourcesJob - Downloaded sources for com.fasterxml.jackson.core:jackson-databind:2.18.3
2025-09-10 10:20:07,085 [Worker-24: Download sources and javadoc] INFO  o.e.m.c.i.e.AbstractTransferListenerAdapter - Downloading https://repo.maven.apache.org/maven2/com/fasterxml/jackson/core/jackson-annotations/2.18.3/jackson-annotations-2.18.3-sources.jar
2025-09-10 10:20:07,127 [Worker-24: Download sources and javadoc] INFO  o.e.m.c.i.e.AbstractTransferListenerAdapter - Downloaded https://repo.maven.apache.org/maven2/com/fasterxml/jackson/core/jackson-annotations/2.18.3/jackson-annotations-2.18.3-sources.jar
2025-09-10 10:20:07,225 [Worker-24: Download sources and javadoc] INFO  o.e.m.j.internal.DownloadSourcesJob - Downloaded sources for com.fasterxml.jackson.core:jackson-annotations:2.18.3
2025-09-10 10:20:07,296 [Worker-24: Download sources and javadoc] INFO  o.e.m.c.i.e.AbstractTransferListenerAdapter - Downloading https://repo.maven.apache.org/maven2/com/fasterxml/jackson/core/jackson-core/2.18.3/jackson-core-2.18.3-sources.jar
2025-09-10 10:20:07,471 [Worker-24: Download sources and javadoc] INFO  o.e.m.c.i.e.AbstractTransferListenerAdapter - Downloaded https://repo.maven.apache.org/maven2/com/fasterxml/jackson/core/jackson-core/2.18.3/jackson-core-2.18.3-sources.jar
2025-09-10 10:20:07,566 [Worker-24: Download sources and javadoc] INFO  o.e.m.j.internal.DownloadSourcesJob - Downloaded sources for com.fasterxml.jackson.core:jackson-core:2.18.3
2025-09-10 10:20:07,905 [Worker-24: Download sources and javadoc] INFO  o.e.m.c.i.e.AbstractTransferListenerAdapter - Downloading https://repo.maven.apache.org/maven2/com/fasterxml/jackson/dataformat/jackson-dataformat-yaml/2.18.3/jackson-dataformat-yaml-2.18.3-sources.jar
2025-09-10 10:20:07,928 [Worker-24: Download sources and javadoc] INFO  o.e.m.c.i.e.AbstractTransferListenerAdapter - Downloaded https://repo.maven.apache.org/maven2/com/fasterxml/jackson/dataformat/jackson-dataformat-yaml/2.18.3/jackson-dataformat-yaml-2.18.3-sources.jar
2025-09-10 10:20:08,135 [Worker-24: Download sources and javadoc] INFO  o.e.m.j.internal.DownloadSourcesJob - Downloaded sources for com.fasterxml.jackson.dataformat:jackson-dataformat-yaml:2.18.3
2025-09-10 10:20:08,174 [Worker-24: Download sources and javadoc] INFO  o.e.m.c.i.e.AbstractTransferListenerAdapter - Downloading https://repo.maven.apache.org/maven2/org/yaml/snakeyaml/2.3/snakeyaml-2.3-sources.jar
2025-09-10 10:20:08,239 [Worker-24: Download sources and javadoc] INFO  o.e.m.c.i.e.AbstractTransferListenerAdapter - Downloaded https://repo.maven.apache.org/maven2/org/yaml/snakeyaml/2.3/snakeyaml-2.3-sources.jar
2025-09-10 10:20:08,307 [Worker-24: Download sources and javadoc] INFO  o.e.m.j.internal.DownloadSourcesJob - Downloaded sources for org.yaml:snakeyaml:2.3
2025-09-10 10:20:08,345 [Worker-24: Download sources and javadoc] INFO  o.e.m.c.i.e.AbstractTransferListenerAdapter - Downloading https://repo.maven.apache.org/maven2/org/slf4j/slf4j-api/2.0.17/slf4j-api-2.0.17-sources.jar
2025-09-10 10:20:08,378 [Worker-24: Download sources and javadoc] INFO  o.e.m.c.i.e.AbstractTransferListenerAdapter - Downloaded https://repo.maven.apache.org/maven2/org/slf4j/slf4j-api/2.0.17/slf4j-api-2.0.17-sources.jar
2025-09-10 10:20:08,498 [Worker-24: Download sources and javadoc] INFO  o.e.m.j.internal.DownloadSourcesJob - Downloaded sources for org.slf4j:slf4j-api:2.0.17
2025-09-10 10:20:08,548 [Worker-24: Download sources and javadoc] INFO  o.e.m.c.i.e.AbstractTransferListenerAdapter - Downloading https://repo.maven.apache.org/maven2/io/cucumber/datatable/7.28.0/datatable-7.28.0-sources.jar
2025-09-10 10:20:08,591 [Worker-24: Download sources and javadoc] INFO  o.e.m.c.i.e.AbstractTransferListenerAdapter - Downloaded https://repo.maven.apache.org/maven2/io/cucumber/datatable/7.28.0/datatable-7.28.0-sources.jar
2025-09-10 10:20:08,641 [Worker-24: Download sources and javadoc] INFO  o.e.m.j.internal.DownloadSourcesJob - Downloaded sources for io.cucumber:datatable:7.28.0
2025-09-10 10:20:08,694 [Worker-24: Download sources and javadoc] INFO  o.e.m.c.i.e.AbstractTransferListenerAdapter - Downloading https://repo.maven.apache.org/maven2/io/cucumber/cucumber-plugin/7.28.0/cucumber-plugin-7.28.0-sources.jar
2025-09-10 10:20:08,718 [Worker-24: Download sources and javadoc] INFO  o.e.m.c.i.e.AbstractTransferListenerAdapter - Downloaded https://repo.maven.apache.org/maven2/io/cucumber/cucumber-plugin/7.28.0/cucumber-plugin-7.28.0-sources.jar
2025-09-10 10:20:08,787 [Worker-24: Download sources and javadoc] INFO  o.e.m.j.internal.DownloadSourcesJob - Downloaded sources for io.cucumber:cucumber-plugin:7.28.0
2025-09-10 10:20:08,835 [Worker-24: Download sources and javadoc] INFO  o.e.m.c.i.e.AbstractTransferListenerAdapter - Downloading https://repo.maven.apache.org/maven2/io/cucumber/docstring/7.28.0/docstring-7.28.0-sources.jar
2025-09-10 10:20:08,861 [Worker-24: Download sources and javadoc] INFO  o.e.m.c.i.e.AbstractTransferListenerAdapter - Downloaded https://repo.maven.apache.org/maven2/io/cucumber/docstring/7.28.0/docstring-7.28.0-sources.jar
2025-09-10 10:20:08,924 [Worker-24: Download sources and javadoc] INFO  o.e.m.j.internal.DownloadSourcesJob - Downloaded sources for io.cucumber:docstring:7.28.0
2025-09-10 10:20:08,968 [Worker-24: Download sources and javadoc] INFO  o.e.m.c.i.e.AbstractTransferListenerAdapter - Downloading https://repo.maven.apache.org/maven2/io/cucumber/junit-xml-formatter/0.8.1/junit-xml-formatter-0.8.1-sources.jar
2025-09-10 10:20:08,993 [Worker-24: Download sources and javadoc] INFO  o.e.m.c.i.e.AbstractTransferListenerAdapter - Downloaded https://repo.maven.apache.org/maven2/io/cucumber/junit-xml-formatter/0.8.1/junit-xml-formatter-0.8.1-sources.jar
2025-09-10 10:20:09,065 [Worker-24: Download sources and javadoc] INFO  o.e.m.j.internal.DownloadSourcesJob - Downloaded sources for io.cucumber:junit-xml-formatter:0.8.1
2025-09-10 10:20:09,104 [Worker-24: Download sources and javadoc] INFO  o.e.m.c.i.e.AbstractTransferListenerAdapter - Downloading https://repo.maven.apache.org/maven2/io/cucumber/cucumber-junit-platform-engine/7.28.0/cucumber-junit-platform-engine-7.28.0-sources.jar
2025-09-10 10:20:09,123 [Worker-24: Download sources and javadoc] INFO  o.e.m.c.i.e.AbstractTransferListenerAdapter - Downloaded https://repo.maven.apache.org/maven2/io/cucumber/cucumber-junit-platform-engine/7.28.0/cucumber-junit-platform-engine-7.28.0-sources.jar
2025-09-10 10:20:09,192 [Worker-24: Download sources and javadoc] INFO  o.e.m.j.internal.DownloadSourcesJob - Downloaded sources for io.cucumber:cucumber-junit-platform-engine:7.28.0
2025-09-10 10:20:09,235 [Worker-24: Download sources and javadoc] INFO  o.e.m.c.i.e.AbstractTransferListenerAdapter - Downloading https://repo.maven.apache.org/maven2/org/assertj/assertj-core/3.27.4/assertj-core-3.27.4-sources.jar
2025-09-10 10:20:09,722 [Worker-24: Download sources and javadoc] INFO  o.e.m.c.i.e.AbstractTransferListenerAdapter - Downloaded https://repo.maven.apache.org/maven2/org/assertj/assertj-core/3.27.4/assertj-core-3.27.4-sources.jar
2025-09-10 10:20:09,805 [Worker-24: Download sources and javadoc] INFO  o.e.m.j.internal.DownloadSourcesJob - Downloaded sources for org.assertj:assertj-core:3.27.4
2025-09-10 10:20:10,278 [Worker-25: Building] INFO  o.e.m.c.i.embedder.EclipseLogger - Using 'UTF-8' encoding to copy filtered resources.
2025-09-10 10:20:10,279 [Worker-25: Building] INFO  o.e.m.c.i.embedder.EclipseLogger - skip non existing resourceDirectory D:\AViIT\Demos\Selenium_13\MyCucumberProject\src\main\resources
2025-09-10 10:20:10,281 [Worker-25: Building] INFO  o.e.m.c.i.embedder.EclipseLogger - Using 'UTF-8' encoding to copy filtered resources.
2025-09-10 10:20:10,283 [Worker-25: Building] INFO  o.e.m.c.i.embedder.EclipseLogger - Copying 0 resource
2025-09-10 10:20:39,329 [Worker-22: Building] INFO  o.e.m.c.i.embedder.EclipseLogger - Using 'UTF-8' encoding to copy filtered resources.
2025-09-10 10:20:39,330 [Worker-22: Building] INFO  o.e.m.c.i.embedder.EclipseLogger - skip non existing resourceDirectory D:\AViIT\Demos\Selenium_13\MyCucumberProject\src\main\resources
2025-09-10 10:20:39,333 [Worker-22: Building] INFO  o.e.m.c.i.embedder.EclipseLogger - Using 'UTF-8' encoding to copy filtered resources.
2025-09-10 10:20:39,341 [Worker-22: Building] INFO  o.e.m.c.i.embedder.EclipseLogger - Copying 1 resource
2025-09-10 10:24:29,107 [Worker-22: Building] INFO  o.e.m.c.i.l.LifecycleMappingFactory - Using org.eclipse.m2e.jdt.JarLifecycleMapping lifecycle mapping for MavenProject: MyCucumberProject:MyCucumberProject:0.0.1-SNAPSHOT @ D:\AViIT\Demos\Selenium_13\MyCucumberProject\pom.xml.
2025-09-10 10:24:34,478 [Worker-22: Building] INFO  o.e.m.c.i.embedder.EclipseLogger - Using 'UTF-8' encoding to copy filtered resources.
2025-09-10 10:24:34,478 [Worker-22: Building] INFO  o.e.m.c.i.embedder.EclipseLogger - skip non existing resourceDirectory D:\AViIT\Demos\Selenium_13\MyCucumberProject\src\main\resources
2025-09-10 10:24:34,481 [Worker-22: Building] INFO  o.e.m.c.i.embedder.EclipseLogger - Using 'UTF-8' encoding to copy filtered resources.
2025-09-10 10:24:34,483 [Worker-22: Building] INFO  o.e.m.c.i.embedder.EclipseLogger - Copying 0 resource
2025-09-10 10:24:37,281 [Worker-23: Building] INFO  o.e.m.c.i.embedder.EclipseLogger - Using 'UTF-8' encoding to copy filtered resources.
2025-09-10 10:24:37,281 [Worker-23: Building] INFO  o.e.m.c.i.embedder.EclipseLogger - skip non existing resourceDirectory D:\AViIT\Demos\Selenium_13\MyCucumberProject\src\main\resources
2025-09-10 10:24:37,282 [Worker-23: Building] INFO  o.e.m.c.i.embedder.EclipseLogger - Using 'UTF-8' encoding to copy filtered resources.
2025-09-10 10:24:37,283 [Worker-23: Building] INFO  o.e.m.c.i.embedder.EclipseLogger - Copying 1 resource
2025-09-10 10:26:21,222 [Worker-21: Building] INFO  o.e.m.c.i.embedder.EclipseLogger - Using 'UTF-8' encoding to copy filtered resources.
2025-09-10 10:26:21,223 [Worker-21: Building] INFO  o.e.m.c.i.embedder.EclipseLogger - skip non existing resourceDirectory D:\AViIT\Demos\Selenium_13\MyCucumberProject\src\main\resources
2025-09-10 10:26:21,224 [Worker-21: Building] INFO  o.e.m.c.i.embedder.EclipseLogger - Using 'UTF-8' encoding to copy filtered resources.
2025-09-10 10:26:21,226 [Worker-21: Building] INFO  o.e.m.c.i.embedder.EclipseLogger - Copying 1 resource
2025-09-10 10:28:32,925 [Worker-26: Building] INFO  o.e.m.c.i.embedder.EclipseLogger - Using 'UTF-8' encoding to copy filtered resources.
2025-09-10 10:28:32,925 [Worker-26: Building] INFO  o.e.m.c.i.embedder.EclipseLogger - skip non existing resourceDirectory D:\AViIT\Demos\Selenium_13\MyCucumberProject\src\main\resources
2025-09-10 10:28:32,927 [Worker-26: Building] INFO  o.e.m.c.i.embedder.EclipseLogger - Using 'UTF-8' encoding to copy filtered resources.
2025-09-10 10:28:32,927 [Worker-26: Building] INFO  o.e.m.c.i.embedder.EclipseLogger - Copying 1 resource
2025-09-10 10:33:41,484 [Worker-26: Building] INFO  o.e.m.c.i.embedder.EclipseLogger - Using 'UTF-8' encoding to copy filtered resources.
2025-09-10 10:33:41,484 [Worker-26: Building] INFO  o.e.m.c.i.embedder.EclipseLogger - skip non existing resourceDirectory D:\AViIT\Demos\Selenium_13\MyCucumberProject\src\main\resources
2025-09-10 10:33:41,488 [Worker-26: Building] INFO  o.e.m.c.i.embedder.EclipseLogger - Using 'UTF-8' encoding to copy filtered resources.
2025-09-10 10:33:41,492 [Worker-26: Building] INFO  o.e.m.c.i.embedder.EclipseLogger - Copying 2 resources
2025-09-10 10:34:12,979 [Worker-26: Building] INFO  o.e.m.c.i.embedder.EclipseLogger - Using 'UTF-8' encoding to copy filtered resources.
2025-09-10 10:34:12,981 [Worker-26: Building] INFO  o.e.m.c.i.embedder.EclipseLogger - skip non existing resourceDirectory D:\AViIT\Demos\Selenium_13\MyCucumberProject\src\main\resources
2025-09-10 10:34:12,982 [Worker-26: Building] INFO  o.e.m.c.i.embedder.EclipseLogger - Using 'UTF-8' encoding to copy filtered resources.
2025-09-10 10:34:12,983 [Worker-26: Building] INFO  o.e.m.c.i.embedder.EclipseLogger - Copying 2 resources
2025-09-10 10:35:22,293 [Worker-30: Building] INFO  o.e.m.c.i.embedder.EclipseLogger - Using 'UTF-8' encoding to copy filtered resources.
2025-09-10 10:35:22,293 [Worker-30: Building] INFO  o.e.m.c.i.embedder.EclipseLogger - skip non existing resourceDirectory D:\AViIT\Demos\Selenium_13\MyCucumberProject\src\main\resources
2025-09-10 10:35:22,294 [Worker-30: Building] INFO  o.e.m.c.i.embedder.EclipseLogger - Using 'UTF-8' encoding to copy filtered resources.
2025-09-10 10:35:22,295 [Worker-30: Building] INFO  o.e.m.c.i.embedder.EclipseLogger - Copying 2 resources
2025-09-10 10:35:25,385 [Worker-28: Building] INFO  o.e.m.c.i.embedder.EclipseLogger - Using 'UTF-8' encoding to copy filtered resources.
2025-09-10 10:35:25,385 [Worker-28: Building] INFO  o.e.m.c.i.embedder.EclipseLogger - skip non existing resourceDirectory D:\AViIT\Demos\Selenium_13\MyCucumberProject\src\main\resources
2025-09-10 10:35:25,388 [Worker-28: Building] INFO  o.e.m.c.i.embedder.EclipseLogger - Using 'UTF-8' encoding to copy filtered resources.
2025-09-10 10:35:25,389 [Worker-28: Building] INFO  o.e.m.c.i.embedder.EclipseLogger - Copying 2 resources
2025-09-10 10:35:44,075 [Worker-29: Building] INFO  o.e.m.c.i.embedder.EclipseLogger - Using 'UTF-8' encoding to copy filtered resources.
2025-09-10 10:35:44,076 [Worker-29: Building] INFO  o.e.m.c.i.embedder.EclipseLogger - skip non existing resourceDirectory D:\AViIT\Demos\Selenium_13\MyCucumberProject\src\main\resources
2025-09-10 10:35:44,079 [Worker-29: Building] INFO  o.e.m.c.i.embedder.EclipseLogger - Using 'UTF-8' encoding to copy filtered resources.
2025-09-10 10:35:44,080 [Worker-29: Building] INFO  o.e.m.c.i.embedder.EclipseLogger - Copying 2 resources
2025-09-10 10:36:10,808 [Worker-29: Building] INFO  o.e.m.c.i.embedder.EclipseLogger - Using 'UTF-8' encoding to copy filtered resources.
2025-09-10 10:36:10,808 [Worker-29: Building] INFO  o.e.m.c.i.embedder.EclipseLogger - skip non existing resourceDirectory D:\AViIT\Demos\Selenium_13\MyCucumberProject\src\main\resources
2025-09-10 10:36:10,809 [Worker-29: Building] INFO  o.e.m.c.i.embedder.EclipseLogger - Using 'UTF-8' encoding to copy filtered resources.
2025-09-10 10:36:10,811 [Worker-29: Building] INFO  o.e.m.c.i.embedder.EclipseLogger - Copying 2 resources
2025-09-10 10:36:53,844 [Worker-30: Building] INFO  o.e.m.c.i.embedder.EclipseLogger - Using 'UTF-8' encoding to copy filtered resources.
2025-09-10 10:36:53,844 [Worker-30: Building] INFO  o.e.m.c.i.embedder.EclipseLogger - skip non existing resourceDirectory D:\AViIT\Demos\Selenium_13\MyCucumberProject\src\main\resources
2025-09-10 10:36:53,848 [Worker-30: Building] INFO  o.e.m.c.i.embedder.EclipseLogger - Using 'UTF-8' encoding to copy filtered resources.
2025-09-10 10:36:53,851 [Worker-30: Building] INFO  o.e.m.c.i.embedder.EclipseLogger - Copying 2 resources
2025-09-10 10:42:46,243 [Worker-32: Building] INFO  o.e.m.c.i.embedder.EclipseLogger - Using 'UTF-8' encoding to copy filtered resources.
2025-09-10 10:42:46,244 [Worker-32: Building] INFO  o.e.m.c.i.embedder.EclipseLogger - skip non existing resourceDirectory D:\AViIT\Demos\Selenium_13\MyCucumberProject\src\main\resources
2025-09-10 10:42:46,245 [Worker-32: Building] INFO  o.e.m.c.i.embedder.EclipseLogger - Using 'UTF-8' encoding to copy filtered resources.
2025-09-10 10:42:46,247 [Worker-32: Building] INFO  o.e.m.c.i.embedder.EclipseLogger - Copying 2 resources
2025-09-10 10:43:37,859 [Worker-32: Building] INFO  o.e.m.c.i.embedder.EclipseLogger - Using 'UTF-8' encoding to copy filtered resources.
2025-09-10 10:43:37,860 [Worker-32: Building] INFO  o.e.m.c.i.embedder.EclipseLogger - skip non existing resourceDirectory D:\AViIT\Demos\Selenium_13\MyCucumberProject\src\main\resources
2025-09-10 10:43:37,863 [Worker-32: Building] INFO  o.e.m.c.i.embedder.EclipseLogger - Using 'UTF-8' encoding to copy filtered resources.
2025-09-10 10:43:37,864 [Worker-32: Building] INFO  o.e.m.c.i.embedder.EclipseLogger - Copying 2 resources
2025-09-11 09:08:40,040 [Worker-4: Loading available Gradle versions] INFO  o.e.b.c.i.u.g.PublishedGradleVersions - Gradle version information cache is up-to-date. Trying to read.
2025-09-11 09:09:23,059 [Worker-7: Building] INFO  o.e.m.c.i.embedder.EclipseLogger - Using 'UTF-8' encoding to copy filtered resources.
2025-09-11 09:09:23,060 [Worker-7: Building] INFO  o.e.m.c.i.embedder.EclipseLogger - skip non existing resourceDirectory D:\AViIT\Demos\Selenium_13\MyCucumberProject\src\main\resources
2025-09-11 09:09:23,064 [Worker-7: Building] INFO  o.e.m.c.i.embedder.EclipseLogger - Using 'UTF-8' encoding to copy filtered resources.
2025-09-11 09:09:23,072 [Worker-7: Building] INFO  o.e.m.c.i.embedder.EclipseLogger - Copying 2 resources
2025-09-11 09:11:27,107 [Worker-13: Building] INFO  o.e.m.c.i.l.LifecycleMappingFactory - Using org.eclipse.m2e.jdt.JarLifecycleMapping lifecycle mapping for MavenProject: MyCucumberProject:MyCucumberProject:0.0.1-SNAPSHOT @ D:\AViIT\Demos\Selenium_13\MyCucumberProject\pom.xml.
2025-09-11 09:11:30,318 [Worker-7: Building] INFO  o.e.m.c.i.embedder.EclipseLogger - Using 'UTF-8' encoding to copy filtered resources.
2025-09-11 09:11:30,318 [Worker-7: Building] INFO  o.e.m.c.i.embedder.EclipseLogger - skip non existing resourceDirectory D:\AViIT\Demos\Selenium_13\MyCucumberProject\src\main\resources
2025-09-11 09:11:30,322 [Worker-7: Building] INFO  o.e.m.c.i.embedder.EclipseLogger - Using 'UTF-8' encoding to copy filtered resources.
2025-09-11 09:11:30,323 [Worker-7: Building] INFO  o.e.m.c.i.embedder.EclipseLogger - Copying 2 resources
2025-09-11 09:11:56,725 [Worker-7: Updating Maven Project] INFO  o.e.m.c.i.p.ProjectConfigurationManager - Update started
2025-09-11 09:11:57,062 [Worker-7: Updating Maven Project] INFO  o.e.m.c.i.l.LifecycleMappingFactory - Using org.eclipse.m2e.jdt.JarLifecycleMapping lifecycle mapping for MavenProject: MyCucumberProject:MyCucumberProject:0.0.1-SNAPSHOT @ D:\AViIT\Demos\Selenium_13\MyCucumberProject\pom.xml.
2025-09-11 09:11:58,511 [Worker-7: Updating Maven Project] INFO  o.e.m.j.i.AbstractJavaProjectConfigurator - Adding source folder /MyCucumberProject/src/main/java
2025-09-11 09:11:58,512 [Worker-7: Updating Maven Project] INFO  o.e.m.j.i.AbstractJavaProjectConfigurator - Adding source folder /MyCucumberProject/src/test/java
2025-09-11 09:11:58,513 [Worker-7: Updating Maven Project] INFO  o.e.m.j.i.AbstractJavaProjectConfigurator - Adding resource folder /MyCucumberProject/src/test/resources
2025-09-11 09:11:59,119 [Worker-7: Updating Maven Project] INFO  o.e.m.c.i.p.ProjectConfigurationManager - Update completed: 2 sec
2025-09-11 09:11:59,883 [Worker-15: Building] INFO  o.e.m.c.i.embedder.EclipseLogger - Using 'UTF-8' encoding to copy filtered resources.
2025-09-11 09:11:59,883 [Worker-15: Building] INFO  o.e.m.c.i.embedder.EclipseLogger - skip non existing resourceDirectory D:\AViIT\Demos\Selenium_13\MyCucumberProject\src\main\resources
2025-09-11 09:11:59,885 [Worker-15: Building] INFO  o.e.m.c.i.embedder.EclipseLogger - Using 'UTF-8' encoding to copy filtered resources.
2025-09-11 09:11:59,885 [Worker-15: Building] INFO  o.e.m.c.i.embedder.EclipseLogger - Copying 2 resources
2025-09-11 09:12:48,574 [Worker-13: Building] INFO  o.e.m.c.i.embedder.EclipseLogger - Using 'UTF-8' encoding to copy filtered resources.
2025-09-11 09:12:48,574 [Worker-13: Building] INFO  o.e.m.c.i.embedder.EclipseLogger - skip non existing resourceDirectory D:\AViIT\Demos\Selenium_13\MyCucumberProject\src\main\resources
2025-09-11 09:12:48,575 [Worker-13: Building] INFO  o.e.m.c.i.embedder.EclipseLogger - Using 'UTF-8' encoding to copy filtered resources.
2025-09-11 09:12:48,579 [Worker-13: Building] INFO  o.e.m.c.i.embedder.EclipseLogger - Copying 2 resources
2025-09-11 09:13:35,185 [Worker-16: Building] INFO  o.e.m.c.i.embedder.EclipseLogger - Using 'UTF-8' encoding to copy filtered resources.
2025-09-11 09:13:35,185 [Worker-16: Building] INFO  o.e.m.c.i.embedder.EclipseLogger - skip non existing resourceDirectory D:\AViIT\Demos\Selenium_13\MyCucumberProject\src\main\resources
2025-09-11 09:13:35,187 [Worker-16: Building] INFO  o.e.m.c.i.embedder.EclipseLogger - Using 'UTF-8' encoding to copy filtered resources.
2025-09-11 09:13:35,188 [Worker-16: Building] INFO  o.e.m.c.i.embedder.EclipseLogger - Copying 2 resources
2025-09-11 09:14:45,928 [Worker-7: Building] INFO  o.e.m.c.i.embedder.EclipseLogger - Using 'UTF-8' encoding to copy filtered resources.
2025-09-11 09:14:45,931 [Worker-7: Building] INFO  o.e.m.c.i.embedder.EclipseLogger - skip non existing resourceDirectory D:\AViIT\Demos\Selenium_13\MyCucumberProject\src\main\resources
2025-09-11 09:14:45,934 [Worker-7: Building] INFO  o.e.m.c.i.embedder.EclipseLogger - Using 'UTF-8' encoding to copy filtered resources.
2025-09-11 09:14:45,935 [Worker-7: Building] INFO  o.e.m.c.i.embedder.EclipseLogger - Copying 2 resources
2025-09-11 09:40:28,822 [Worker-14: Building] INFO  o.e.m.c.i.embedder.EclipseLogger - Using 'UTF-8' encoding to copy filtered resources.
2025-09-11 09:40:28,823 [Worker-14: Building] INFO  o.e.m.c.i.embedder.EclipseLogger - skip non existing resourceDirectory D:\AViIT\Demos\Selenium_13\MyCucumberProject\src\main\resources
2025-09-11 09:40:28,825 [Worker-14: Building] INFO  o.e.m.c.i.embedder.EclipseLogger - Using 'UTF-8' encoding to copy filtered resources.
2025-09-11 09:40:28,826 [Worker-14: Building] INFO  o.e.m.c.i.embedder.EclipseLogger - Copying 1 resource
2025-09-11 09:41:30,056 [Worker-14: Building] INFO  o.e.m.c.i.embedder.EclipseLogger - Using 'UTF-8' encoding to copy filtered resources.
2025-09-11 09:41:30,057 [Worker-14: Building] INFO  o.e.m.c.i.embedder.EclipseLogger - skip non existing resourceDirectory D:\AViIT\Demos\Selenium_13\MyCucumberProject\src\main\resources
2025-09-11 09:41:30,059 [Worker-14: Building] INFO  o.e.m.c.i.embedder.EclipseLogger - Using 'UTF-8' encoding to copy filtered resources.
2025-09-11 09:41:30,060 [Worker-14: Building] INFO  o.e.m.c.i.embedder.EclipseLogger - Copying 1 resource
2025-09-11 09:42:00,286 [Worker-13: Building] INFO  o.e.m.c.i.embedder.EclipseLogger - Using 'UTF-8' encoding to copy filtered resources.
2025-09-11 09:42:00,286 [Worker-13: Building] INFO  o.e.m.c.i.embedder.EclipseLogger - skip non existing resourceDirectory D:\AViIT\Demos\Selenium_13\MyCucumberProject\src\main\resources
2025-09-11 09:42:00,289 [Worker-13: Building] INFO  o.e.m.c.i.embedder.EclipseLogger - Using 'UTF-8' encoding to copy filtered resources.
2025-09-11 09:42:00,294 [Worker-13: Building] INFO  o.e.m.c.i.embedder.EclipseLogger - Copying 3 resources
2025-09-11 09:43:32,304 [Worker-14: Building] INFO  o.e.m.c.i.embedder.EclipseLogger - Using 'UTF-8' encoding to copy filtered resources.
2025-09-11 09:43:32,304 [Worker-14: Building] INFO  o.e.m.c.i.embedder.EclipseLogger - skip non existing resourceDirectory D:\AViIT\Demos\Selenium_13\MyCucumberProject\src\main\resources
2025-09-11 09:43:32,306 [Worker-14: Building] INFO  o.e.m.c.i.embedder.EclipseLogger - Using 'UTF-8' encoding to copy filtered resources.
2025-09-11 09:43:32,307 [Worker-14: Building] INFO  o.e.m.c.i.embedder.EclipseLogger - Copying 3 resources
2025-09-11 09:43:46,557 [Worker-13: Building] INFO  o.e.m.c.i.embedder.EclipseLogger - Using 'UTF-8' encoding to copy filtered resources.
2025-09-11 09:43:46,557 [Worker-13: Building] INFO  o.e.m.c.i.embedder.EclipseLogger - skip non existing resourceDirectory D:\AViIT\Demos\Selenium_13\MyCucumberProject\src\main\resources
2025-09-11 09:43:46,558 [Worker-13: Building] INFO  o.e.m.c.i.embedder.EclipseLogger - Using 'UTF-8' encoding to copy filtered resources.
2025-09-11 09:43:46,560 [Worker-13: Building] INFO  o.e.m.c.i.embedder.EclipseLogger - Copying 3 resources
2025-09-11 09:44:27,335 [Worker-13: Building] INFO  o.e.m.c.i.embedder.EclipseLogger - Using 'UTF-8' encoding to copy filtered resources.
2025-09-11 09:44:27,336 [Worker-13: Building] INFO  o.e.m.c.i.embedder.EclipseLogger - skip non existing resourceDirectory D:\AViIT\Demos\Selenium_13\MyCucumberProject\src\main\resources
2025-09-11 09:44:27,337 [Worker-13: Building] INFO  o.e.m.c.i.embedder.EclipseLogger - Using 'UTF-8' encoding to copy filtered resources.
2025-09-11 09:44:27,338 [Worker-13: Building] INFO  o.e.m.c.i.embedder.EclipseLogger - Copying 3 resources
2025-09-11 09:55:32,257 [Worker-22: Building] INFO  o.e.m.c.i.embedder.EclipseLogger - Using 'UTF-8' encoding to copy filtered resources.
2025-09-11 09:55:32,257 [Worker-22: Building] INFO  o.e.m.c.i.embedder.EclipseLogger - skip non existing resourceDirectory D:\AViIT\Demos\Selenium_13\MyCucumberProject\src\main\resources
2025-09-11 09:55:32,259 [Worker-22: Building] INFO  o.e.m.c.i.embedder.EclipseLogger - Using 'UTF-8' encoding to copy filtered resources.
2025-09-11 09:55:32,259 [Worker-22: Building] INFO  o.e.m.c.i.embedder.EclipseLogger - Copying 1 resource
2025-09-11 09:58:06,485 [Worker-24: Building] INFO  o.e.m.c.i.embedder.EclipseLogger - Using 'UTF-8' encoding to copy filtered resources.
2025-09-11 09:58:06,486 [Worker-24: Building] INFO  o.e.m.c.i.embedder.EclipseLogger - skip non existing resourceDirectory D:\AViIT\Demos\Selenium_13\MyCucumberProject\src\main\resources
2025-09-11 09:58:06,488 [Worker-24: Building] INFO  o.e.m.c.i.embedder.EclipseLogger - Using 'UTF-8' encoding to copy filtered resources.
2025-09-11 09:58:06,488 [Worker-24: Building] INFO  o.e.m.c.i.embedder.EclipseLogger - Copying 1 resource
2025-09-11 09:58:46,337 [Worker-13: Building] INFO  o.e.m.c.i.embedder.EclipseLogger - Using 'UTF-8' encoding to copy filtered resources.
2025-09-11 09:58:46,338 [Worker-13: Building] INFO  o.e.m.c.i.embedder.EclipseLogger - skip non existing resourceDirectory D:\AViIT\Demos\Selenium_13\MyCucumberProject\src\main\resources
2025-09-11 09:58:46,339 [Worker-13: Building] INFO  o.e.m.c.i.embedder.EclipseLogger - Using 'UTF-8' encoding to copy filtered resources.
2025-09-11 09:58:46,340 [Worker-13: Building] INFO  o.e.m.c.i.embedder.EclipseLogger - Copying 4 resources
2025-09-11 10:02:14,731 [Worker-24: Building] INFO  o.e.m.c.i.embedder.EclipseLogger - Using 'UTF-8' encoding to copy filtered resources.
2025-09-11 10:02:14,731 [Worker-24: Building] INFO  o.e.m.c.i.embedder.EclipseLogger - skip non existing resourceDirectory D:\AViIT\Demos\Selenium_13\MyCucumberProject\src\main\resources
2025-09-11 10:02:14,733 [Worker-24: Building] INFO  o.e.m.c.i.embedder.EclipseLogger - Using 'UTF-8' encoding to copy filtered resources.
2025-09-11 10:02:14,734 [Worker-24: Building] INFO  o.e.m.c.i.embedder.EclipseLogger - Copying 4 resources
2025-09-11 10:02:39,843 [Worker-25: Building] INFO  o.e.m.c.i.embedder.EclipseLogger - Using 'UTF-8' encoding to copy filtered resources.
2025-09-11 10:02:39,844 [Worker-25: Building] INFO  o.e.m.c.i.embedder.EclipseLogger - skip non existing resourceDirectory D:\AViIT\Demos\Selenium_13\MyCucumberProject\src\main\resources
2025-09-11 10:02:39,845 [Worker-25: Building] INFO  o.e.m.c.i.embedder.EclipseLogger - Using 'UTF-8' encoding to copy filtered resources.
2025-09-11 10:02:39,846 [Worker-25: Building] INFO  o.e.m.c.i.embedder.EclipseLogger - Copying 4 resources
2025-09-11 10:02:49,765 [Worker-26: Building] INFO  o.e.m.c.i.embedder.EclipseLogger - Using 'UTF-8' encoding to copy filtered resources.
2025-09-11 10:02:49,765 [Worker-26: Building] INFO  o.e.m.c.i.embedder.EclipseLogger - skip non existing resourceDirectory D:\AViIT\Demos\Selenium_13\MyCucumberProject\src\main\resources
2025-09-11 10:02:49,766 [Worker-26: Building] INFO  o.e.m.c.i.embedder.EclipseLogger - Using 'UTF-8' encoding to copy filtered resources.
2025-09-11 10:02:49,767 [Worker-26: Building] INFO  o.e.m.c.i.embedder.EclipseLogger - Copying 4 resources
2025-09-11 10:03:08,708 [Worker-25: Building] INFO  o.e.m.c.i.embedder.EclipseLogger - Using 'UTF-8' encoding to copy filtered resources.
2025-09-11 10:03:08,708 [Worker-25: Building] INFO  o.e.m.c.i.embedder.EclipseLogger - skip non existing resourceDirectory D:\AViIT\Demos\Selenium_13\MyCucumberProject\src\main\resources
2025-09-11 10:03:08,710 [Worker-25: Building] INFO  o.e.m.c.i.embedder.EclipseLogger - Using 'UTF-8' encoding to copy filtered resources.
2025-09-11 10:03:08,712 [Worker-25: Building] INFO  o.e.m.c.i.embedder.EclipseLogger - Copying 4 resources
2025-09-11 10:03:59,433 [Worker-14: Building] INFO  o.e.m.c.i.embedder.EclipseLogger - Using 'UTF-8' encoding to copy filtered resources.
2025-09-11 10:03:59,433 [Worker-14: Building] INFO  o.e.m.c.i.embedder.EclipseLogger - skip non existing resourceDirectory D:\AViIT\Demos\Selenium_13\MyCucumberProject\src\main\resources
2025-09-11 10:03:59,593 [Worker-14: Building] INFO  o.e.m.c.i.embedder.EclipseLogger - Using 'UTF-8' encoding to copy filtered resources.
2025-09-11 10:03:59,596 [Worker-14: Building] INFO  o.e.m.c.i.embedder.EclipseLogger - Copying 4 resources
2025-09-11 10:06:10,561 [Worker-28: Building] INFO  o.e.m.c.i.embedder.EclipseLogger - Using 'UTF-8' encoding to copy filtered resources.
2025-09-11 10:06:10,561 [Worker-28: Building] INFO  o.e.m.c.i.embedder.EclipseLogger - skip non existing resourceDirectory D:\AViIT\Demos\Selenium_13\MyCucumberProject\src\main\resources
2025-09-11 10:06:10,562 [Worker-28: Building] INFO  o.e.m.c.i.embedder.EclipseLogger - Using 'UTF-8' encoding to copy filtered resources.
2025-09-11 10:06:10,563 [Worker-28: Building] INFO  o.e.m.c.i.embedder.EclipseLogger - Copying 4 resources
2025-09-11 10:06:14,735 [Worker-24: Building] INFO  o.e.m.c.i.embedder.EclipseLogger - Using 'UTF-8' encoding to copy filtered resources.
2025-09-11 10:06:14,735 [Worker-24: Building] INFO  o.e.m.c.i.embedder.EclipseLogger - skip non existing resourceDirectory D:\AViIT\Demos\Selenium_13\MyCucumberProject\src\main\resources
2025-09-11 10:06:14,736 [Worker-24: Building] INFO  o.e.m.c.i.embedder.EclipseLogger - Using 'UTF-8' encoding to copy filtered resources.
2025-09-11 10:06:14,737 [Worker-24: Building] INFO  o.e.m.c.i.embedder.EclipseLogger - Copying 1 resource
2025-09-11 10:07:02,368 [Worker-24: Building] INFO  o.e.m.c.i.embedder.EclipseLogger - Using 'UTF-8' encoding to copy filtered resources.
2025-09-11 10:07:02,369 [Worker-24: Building] INFO  o.e.m.c.i.embedder.EclipseLogger - skip non existing resourceDirectory D:\AViIT\Demos\Selenium_13\MyCucumberProject\src\main\resources
2025-09-11 10:07:02,370 [Worker-24: Building] INFO  o.e.m.c.i.embedder.EclipseLogger - Using 'UTF-8' encoding to copy filtered resources.
2025-09-11 10:07:02,371 [Worker-24: Building] INFO  o.e.m.c.i.embedder.EclipseLogger - Copying 1 resource
2025-09-11 10:41:22,872 [Worker-30: Building] INFO  o.e.m.c.i.embedder.EclipseLogger - Using 'UTF-8' encoding to copy filtered resources.
2025-09-11 10:41:22,872 [Worker-30: Building] INFO  o.e.m.c.i.embedder.EclipseLogger - skip non existing resourceDirectory D:\AViIT\Demos\Selenium_13\MyCucumberProject\src\main\resources
2025-09-11 10:41:22,873 [Worker-30: Building] INFO  o.e.m.c.i.embedder.EclipseLogger - Using 'UTF-8' encoding to copy filtered resources.
2025-09-11 10:41:22,874 [Worker-30: Building] INFO  o.e.m.c.i.embedder.EclipseLogger - Copying 1 resource
2025-09-11 10:44:22,958 [Worker-33: Building] INFO  o.e.m.c.i.embedder.EclipseLogger - Using 'UTF-8' encoding to copy filtered resources.
2025-09-11 10:44:22,958 [Worker-33: Building] INFO  o.e.m.c.i.embedder.EclipseLogger - skip non existing resourceDirectory D:\AViIT\Demos\Selenium_13\MyCucumberProject\src\main\resources
2025-09-11 10:44:22,958 [Worker-33: Building] INFO  o.e.m.c.i.embedder.EclipseLogger - Using 'UTF-8' encoding to copy filtered resources.
2025-09-11 10:44:22,959 [Worker-33: Building] INFO  o.e.m.c.i.embedder.EclipseLogger - Copying 1 resource
2025-09-11 10:47:18,775 [Worker-29: Building] INFO  o.e.m.c.i.embedder.EclipseLogger - Using 'UTF-8' encoding to copy filtered resources.
2025-09-11 10:47:18,775 [Worker-29: Building] INFO  o.e.m.c.i.embedder.EclipseLogger - skip non existing resourceDirectory D:\AViIT\Demos\Selenium_13\MyCucumberProject\src\main\resources
2025-09-11 10:47:18,776 [Worker-29: Building] INFO  o.e.m.c.i.embedder.EclipseLogger - Using 'UTF-8' encoding to copy filtered resources.
2025-09-11 10:47:18,777 [Worker-29: Building] INFO  o.e.m.c.i.embedder.EclipseLogger - Copying 1 resource
2025-09-11 10:47:27,336 [Worker-29: Launching F04Tricentis.feature] INFO  o.e.m.c.i.embedder.EclipseLogger - Using 'UTF-8' encoding to copy filtered resources.
2025-09-11 10:47:27,337 [Worker-29: Launching F04Tricentis.feature] INFO  o.e.m.c.i.embedder.EclipseLogger - skip non existing resourceDirectory D:\AViIT\Demos\Selenium_13\MyCucumberProject\src\main\resources
2025-09-11 10:47:27,342 [Worker-29: Launching F04Tricentis.feature] INFO  o.e.m.c.i.embedder.EclipseLogger - Using 'UTF-8' encoding to copy filtered resources.
2025-09-11 10:47:27,343 [Worker-29: Launching F04Tricentis.feature] INFO  o.e.m.c.i.embedder.EclipseLogger - Copying 1 resource
2025-09-11 10:47:59,126 [Worker-36: Building] INFO  o.e.m.c.i.embedder.EclipseLogger - Using 'UTF-8' encoding to copy filtered resources.
2025-09-11 10:47:59,126 [Worker-36: Building] INFO  o.e.m.c.i.embedder.EclipseLogger - skip non existing resourceDirectory D:\AViIT\Demos\Selenium_13\MyCucumberProject\src\main\resources
2025-09-11 10:47:59,128 [Worker-36: Building] INFO  o.e.m.c.i.embedder.EclipseLogger - Using 'UTF-8' encoding to copy filtered resources.
2025-09-11 10:47:59,129 [Worker-36: Building] INFO  o.e.m.c.i.embedder.EclipseLogger - Copying 5 resources
2025-09-11 10:50:33,164 [Worker-37: Building] INFO  o.e.m.c.i.embedder.EclipseLogger - Using 'UTF-8' encoding to copy filtered resources.
2025-09-11 10:50:33,165 [Worker-37: Building] INFO  o.e.m.c.i.embedder.EclipseLogger - skip non existing resourceDirectory D:\AViIT\Demos\Selenium_13\MyCucumberProject\src\main\resources
2025-09-11 10:50:33,166 [Worker-37: Building] INFO  o.e.m.c.i.embedder.EclipseLogger - Using 'UTF-8' encoding to copy filtered resources.
2025-09-11 10:50:33,167 [Worker-37: Building] INFO  o.e.m.c.i.embedder.EclipseLogger - Copying 5 resources
2025-09-11 10:50:50,569 [Worker-36: Building] INFO  o.e.m.c.i.embedder.EclipseLogger - Using 'UTF-8' encoding to copy filtered resources.
2025-09-11 10:50:50,569 [Worker-36: Building] INFO  o.e.m.c.i.embedder.EclipseLogger - skip non existing resourceDirectory D:\AViIT\Demos\Selenium_13\MyCucumberProject\src\main\resources
2025-09-11 10:50:50,570 [Worker-36: Building] INFO  o.e.m.c.i.embedder.EclipseLogger - Using 'UTF-8' encoding to copy filtered resources.
2025-09-11 10:50:50,572 [Worker-36: Building] INFO  o.e.m.c.i.embedder.EclipseLogger - Copying 5 resources
2025-09-11 10:52:32,574 [Worker-38: Building] INFO  o.e.m.c.i.embedder.EclipseLogger - Using 'UTF-8' encoding to copy filtered resources.
2025-09-11 10:52:32,575 [Worker-38: Building] INFO  o.e.m.c.i.embedder.EclipseLogger - skip non existing resourceDirectory D:\AViIT\Demos\Selenium_13\MyCucumberProject\src\main\resources
2025-09-11 10:52:32,576 [Worker-38: Building] INFO  o.e.m.c.i.embedder.EclipseLogger - Using 'UTF-8' encoding to copy filtered resources.
2025-09-11 10:52:32,576 [Worker-38: Building] INFO  o.e.m.c.i.embedder.EclipseLogger - Copying 5 resources
2025-09-11 10:52:49,230 [Worker-34: Building] INFO  o.e.m.c.i.embedder.EclipseLogger - Using 'UTF-8' encoding to copy filtered resources.
2025-09-11 10:52:49,230 [Worker-34: Building] INFO  o.e.m.c.i.embedder.EclipseLogger - skip non existing resourceDirectory D:\AViIT\Demos\Selenium_13\MyCucumberProject\src\main\resources
2025-09-11 10:52:49,232 [Worker-34: Building] INFO  o.e.m.c.i.embedder.EclipseLogger - Using 'UTF-8' encoding to copy filtered resources.
2025-09-11 10:52:49,233 [Worker-34: Building] INFO  o.e.m.c.i.embedder.EclipseLogger - Copying 5 resources
2025-09-11 10:53:10,566 [Worker-35: Building] INFO  o.e.m.c.i.embedder.EclipseLogger - Using 'UTF-8' encoding to copy filtered resources.
2025-09-11 10:53:10,567 [Worker-35: Building] INFO  o.e.m.c.i.embedder.EclipseLogger - skip non existing resourceDirectory D:\AViIT\Demos\Selenium_13\MyCucumberProject\src\main\resources
2025-09-11 10:53:10,568 [Worker-35: Building] INFO  o.e.m.c.i.embedder.EclipseLogger - Using 'UTF-8' encoding to copy filtered resources.
2025-09-11 10:53:10,569 [Worker-35: Building] INFO  o.e.m.c.i.embedder.EclipseLogger - Copying 5 resources
2025-09-11 10:53:42,689 [Worker-37: Building] INFO  o.e.m.c.i.embedder.EclipseLogger - Using 'UTF-8' encoding to copy filtered resources.
2025-09-11 10:53:42,689 [Worker-37: Building] INFO  o.e.m.c.i.embedder.EclipseLogger - skip non existing resourceDirectory D:\AViIT\Demos\Selenium_13\MyCucumberProject\src\main\resources
2025-09-11 10:53:42,690 [Worker-37: Building] INFO  o.e.m.c.i.embedder.EclipseLogger - Using 'UTF-8' encoding to copy filtered resources.
2025-09-11 10:53:42,691 [Worker-37: Building] INFO  o.e.m.c.i.embedder.EclipseLogger - Copying 5 resources
2025-09-13 09:06:38,103 [Worker-12: Loading available Gradle versions] INFO  o.e.b.c.i.u.g.PublishedGradleVersions - Gradle version information cache is up-to-date. Trying to read.
2025-09-13 09:07:51,915 [Worker-0: Building] INFO  o.e.m.c.i.embedder.EclipseLogger - Using 'UTF-8' encoding to copy filtered resources.
2025-09-13 09:07:51,916 [Worker-0: Building] INFO  o.e.m.c.i.embedder.EclipseLogger - skip non existing resourceDirectory D:\AViIT\Demos\Selenium_13\MyCucumberProject\src\main\resources
2025-09-13 09:07:51,919 [Worker-0: Building] INFO  o.e.m.c.i.embedder.EclipseLogger - Using 'UTF-8' encoding to copy filtered resources.
2025-09-13 09:07:51,925 [Worker-0: Building] INFO  o.e.m.c.i.embedder.EclipseLogger - Copying 6 resources
2025-09-13 09:10:20,273 [Worker-0: Building] INFO  o.e.m.c.i.embedder.EclipseLogger - Using 'UTF-8' encoding to copy filtered resources.
2025-09-13 09:10:20,275 [Worker-0: Building] INFO  o.e.m.c.i.embedder.EclipseLogger - skip non existing resourceDirectory D:\AViIT\Demos\Selenium_13\MyCucumberProject\src\main\resources
2025-09-13 09:10:20,277 [Worker-0: Building] INFO  o.e.m.c.i.embedder.EclipseLogger - Using 'UTF-8' encoding to copy filtered resources.
2025-09-13 09:10:20,282 [Worker-0: Building] INFO  o.e.m.c.i.embedder.EclipseLogger - Copying 1 resource
2025-09-13 09:10:23,488 [Worker-0: Building] INFO  o.e.m.c.i.embedder.EclipseLogger - Using 'UTF-8' encoding to copy filtered resources.
2025-09-13 09:10:23,488 [Worker-0: Building] INFO  o.e.m.c.i.embedder.EclipseLogger - skip non existing resourceDirectory D:\AViIT\Demos\Selenium_13\MyCucumberProject\src\main\resources
2025-09-13 09:10:23,490 [Worker-0: Building] INFO  o.e.m.c.i.embedder.EclipseLogger - Using 'UTF-8' encoding to copy filtered resources.
2025-09-13 09:10:23,491 [Worker-0: Building] INFO  o.e.m.c.i.embedder.EclipseLogger - Copying 1 resource
2025-09-13 09:10:59,817 [Worker-0: Building] INFO  o.e.m.c.i.embedder.EclipseLogger - Using 'UTF-8' encoding to copy filtered resources.
2025-09-13 09:10:59,818 [Worker-0: Building] INFO  o.e.m.c.i.embedder.EclipseLogger - skip non existing resourceDirectory D:\AViIT\Demos\Selenium_13\MyCucumberProject\src\main\resources
2025-09-13 09:10:59,821 [Worker-0: Building] INFO  o.e.m.c.i.embedder.EclipseLogger - Using 'UTF-8' encoding to copy filtered resources.
2025-09-13 09:10:59,823 [Worker-0: Building] INFO  o.e.m.c.i.embedder.EclipseLogger - Copying 6 resources
2025-09-13 09:11:17,197 [Worker-14: Building] INFO  o.e.m.c.i.embedder.EclipseLogger - Using 'UTF-8' encoding to copy filtered resources.
2025-09-13 09:11:17,197 [Worker-14: Building] INFO  o.e.m.c.i.embedder.EclipseLogger - skip non existing resourceDirectory D:\AViIT\Demos\Selenium_13\MyCucumberProject\src\main\resources
2025-09-13 09:11:17,199 [Worker-14: Building] INFO  o.e.m.c.i.embedder.EclipseLogger - Using 'UTF-8' encoding to copy filtered resources.
2025-09-13 09:11:17,200 [Worker-14: Building] INFO  o.e.m.c.i.embedder.EclipseLogger - Copying 6 resources
2025-09-13 09:13:49,987 [Worker-0: Building] INFO  o.e.m.c.i.embedder.EclipseLogger - Using 'UTF-8' encoding to copy filtered resources.
2025-09-13 09:13:49,987 [Worker-0: Building] INFO  o.e.m.c.i.embedder.EclipseLogger - skip non existing resourceDirectory D:\AViIT\Demos\Selenium_13\MyCucumberProject\src\main\resources
2025-09-13 09:13:49,989 [Worker-0: Building] INFO  o.e.m.c.i.embedder.EclipseLogger - Using 'UTF-8' encoding to copy filtered resources.
2025-09-13 09:13:49,990 [Worker-0: Building] INFO  o.e.m.c.i.embedder.EclipseLogger - Copying 6 resources
2025-09-13 09:14:08,878 [Worker-10: Building] INFO  o.e.m.c.i.embedder.EclipseLogger - Using 'UTF-8' encoding to copy filtered resources.
2025-09-13 09:14:08,878 [Worker-10: Building] INFO  o.e.m.c.i.embedder.EclipseLogger - skip non existing resourceDirectory D:\AViIT\Demos\Selenium_13\MyCucumberProject\src\main\resources
2025-09-13 09:14:08,880 [Worker-10: Building] INFO  o.e.m.c.i.embedder.EclipseLogger - Using 'UTF-8' encoding to copy filtered resources.
2025-09-13 09:14:08,882 [Worker-10: Building] INFO  o.e.m.c.i.embedder.EclipseLogger - Copying 6 resources
2025-09-13 09:14:27,414 [Worker-10: Building] INFO  o.e.m.c.i.embedder.EclipseLogger - Using 'UTF-8' encoding to copy filtered resources.
2025-09-13 09:14:27,414 [Worker-10: Building] INFO  o.e.m.c.i.embedder.EclipseLogger - skip non existing resourceDirectory D:\AViIT\Demos\Selenium_13\MyCucumberProject\src\main\resources
2025-09-13 09:14:27,417 [Worker-10: Building] INFO  o.e.m.c.i.embedder.EclipseLogger - Using 'UTF-8' encoding to copy filtered resources.
2025-09-13 09:14:27,419 [Worker-10: Building] INFO  o.e.m.c.i.embedder.EclipseLogger - Copying 6 resources
2025-09-13 09:16:02,571 [Worker-10: Building] INFO  o.e.m.c.i.embedder.EclipseLogger - Using 'UTF-8' encoding to copy filtered resources.
2025-09-13 09:16:02,571 [Worker-10: Building] INFO  o.e.m.c.i.embedder.EclipseLogger - skip non existing resourceDirectory D:\AViIT\Demos\Selenium_13\MyCucumberProject\src\main\resources
2025-09-13 09:16:02,573 [Worker-10: Building] INFO  o.e.m.c.i.embedder.EclipseLogger - Using 'UTF-8' encoding to copy filtered resources.
2025-09-13 09:16:02,574 [Worker-10: Building] INFO  o.e.m.c.i.embedder.EclipseLogger - Copying 6 resources
2025-09-13 09:17:54,650 [Worker-17: Building] INFO  o.e.m.c.i.embedder.EclipseLogger - Using 'UTF-8' encoding to copy filtered resources.
2025-09-13 09:17:54,651 [Worker-17: Building] INFO  o.e.m.c.i.embedder.EclipseLogger - skip non existing resourceDirectory D:\AViIT\Demos\Selenium_13\MyCucumberProject\src\main\resources
2025-09-13 09:17:54,652 [Worker-17: Building] INFO  o.e.m.c.i.embedder.EclipseLogger - Using 'UTF-8' encoding to copy filtered resources.
2025-09-13 09:17:54,652 [Worker-17: Building] INFO  o.e.m.c.i.embedder.EclipseLogger - Copying 1 resource
2025-09-13 09:18:37,359 [Worker-10: Building] INFO  o.e.m.c.i.embedder.EclipseLogger - Using 'UTF-8' encoding to copy filtered resources.
2025-09-13 09:18:37,360 [Worker-10: Building] INFO  o.e.m.c.i.embedder.EclipseLogger - skip non existing resourceDirectory D:\AViIT\Demos\Selenium_13\MyCucumberProject\src\main\resources
2025-09-13 09:18:37,361 [Worker-10: Building] INFO  o.e.m.c.i.embedder.EclipseLogger - Using 'UTF-8' encoding to copy filtered resources.
2025-09-13 09:18:37,362 [Worker-10: Building] INFO  o.e.m.c.i.embedder.EclipseLogger - Copying 6 resources
2025-09-13 09:22:31,777 [Worker-14: Building] INFO  o.e.m.c.i.embedder.EclipseLogger - Using 'UTF-8' encoding to copy filtered resources.
2025-09-13 09:22:31,777 [Worker-14: Building] INFO  o.e.m.c.i.embedder.EclipseLogger - skip non existing resourceDirectory D:\AViIT\Demos\Selenium_13\MyCucumberProject\src\main\resources
2025-09-13 09:22:31,779 [Worker-14: Building] INFO  o.e.m.c.i.embedder.EclipseLogger - Using 'UTF-8' encoding to copy filtered resources.
2025-09-13 09:22:31,780 [Worker-14: Building] INFO  o.e.m.c.i.embedder.EclipseLogger - Copying 5 resources
2025-09-13 09:22:46,797 [Worker-16: Building] INFO  o.e.m.c.i.embedder.EclipseLogger - Using 'UTF-8' encoding to copy filtered resources.
2025-09-13 09:22:46,798 [Worker-16: Building] INFO  o.e.m.c.i.embedder.EclipseLogger - skip non existing resourceDirectory D:\AViIT\Demos\Selenium_13\MyCucumberProject\src\main\resources
2025-09-13 09:22:46,799 [Worker-16: Building] INFO  o.e.m.c.i.embedder.EclipseLogger - Using 'UTF-8' encoding to copy filtered resources.
2025-09-13 09:22:46,800 [Worker-16: Building] INFO  o.e.m.c.i.embedder.EclipseLogger - Copying 1 resource
2025-09-13 09:24:03,891 [Worker-19: Building] INFO  o.e.m.c.i.embedder.EclipseLogger - Using 'UTF-8' encoding to copy filtered resources.
2025-09-13 09:24:03,891 [Worker-19: Building] INFO  o.e.m.c.i.embedder.EclipseLogger - skip non existing resourceDirectory D:\AViIT\Demos\Selenium_13\MyCucumberProject\src\main\resources
2025-09-13 09:24:03,893 [Worker-19: Building] INFO  o.e.m.c.i.embedder.EclipseLogger - Using 'UTF-8' encoding to copy filtered resources.
2025-09-13 09:24:03,893 [Worker-19: Building] INFO  o.e.m.c.i.embedder.EclipseLogger - Copying 1 resource
2025-09-13 09:25:51,313 [Worker-31: Building] INFO  o.e.m.c.i.embedder.EclipseLogger - Using 'UTF-8' encoding to copy filtered resources.
2025-09-13 09:25:51,313 [Worker-31: Building] INFO  o.e.m.c.i.embedder.EclipseLogger - skip non existing resourceDirectory D:\AViIT\Demos\Selenium_13\MyCucumberProject\src\main\resources
2025-09-13 09:25:51,314 [Worker-31: Building] INFO  o.e.m.c.i.embedder.EclipseLogger - Using 'UTF-8' encoding to copy filtered resources.
2025-09-13 09:25:51,315 [Worker-31: Building] INFO  o.e.m.c.i.embedder.EclipseLogger - Copying 1 resource
2025-09-13 09:25:55,045 [Worker-26: Building] INFO  o.e.m.c.i.embedder.EclipseLogger - Using 'UTF-8' encoding to copy filtered resources.
2025-09-13 09:25:55,045 [Worker-26: Building] INFO  o.e.m.c.i.embedder.EclipseLogger - skip non existing resourceDirectory D:\AViIT\Demos\Selenium_13\MyCucumberProject\src\main\resources
2025-09-13 09:25:55,048 [Worker-26: Building] INFO  o.e.m.c.i.embedder.EclipseLogger - Using 'UTF-8' encoding to copy filtered resources.
2025-09-13 09:25:55,048 [Worker-26: Building] INFO  o.e.m.c.i.embedder.EclipseLogger - Copying 1 resource
2025-09-13 09:26:32,817 [Worker-36: Building] INFO  o.e.m.c.i.embedder.EclipseLogger - Using 'UTF-8' encoding to copy filtered resources.
2025-09-13 09:26:32,818 [Worker-36: Building] INFO  o.e.m.c.i.embedder.EclipseLogger - skip non existing resourceDirectory D:\AViIT\Demos\Selenium_13\MyCucumberProject\src\main\resources
2025-09-13 09:26:32,819 [Worker-36: Building] INFO  o.e.m.c.i.embedder.EclipseLogger - Using 'UTF-8' encoding to copy filtered resources.
2025-09-13 09:26:32,820 [Worker-36: Building] INFO  o.e.m.c.i.embedder.EclipseLogger - Copying 6 resources
2025-09-13 09:28:01,287 [Worker-31: Building] INFO  o.e.m.c.i.embedder.EclipseLogger - Using 'UTF-8' encoding to copy filtered resources.
2025-09-13 09:28:01,287 [Worker-31: Building] INFO  o.e.m.c.i.embedder.EclipseLogger - skip non existing resourceDirectory D:\AViIT\Demos\Selenium_13\MyCucumberProject\src\main\resources
2025-09-13 09:28:01,289 [Worker-31: Building] INFO  o.e.m.c.i.embedder.EclipseLogger - Using 'UTF-8' encoding to copy filtered resources.
2025-09-13 09:28:01,290 [Worker-31: Building] INFO  o.e.m.c.i.embedder.EclipseLogger - Copying 6 resources
2025-09-13 09:28:26,457 [Worker-36: Building] INFO  o.e.m.c.i.embedder.EclipseLogger - Using 'UTF-8' encoding to copy filtered resources.
2025-09-13 09:28:26,458 [Worker-36: Building] INFO  o.e.m.c.i.embedder.EclipseLogger - skip non existing resourceDirectory D:\AViIT\Demos\Selenium_13\MyCucumberProject\src\main\resources
2025-09-13 09:28:26,459 [Worker-36: Building] INFO  o.e.m.c.i.embedder.EclipseLogger - Using 'UTF-8' encoding to copy filtered resources.
2025-09-13 09:28:26,460 [Worker-36: Building] INFO  o.e.m.c.i.embedder.EclipseLogger - Copying 6 resources
2025-09-13 09:28:42,687 [Worker-31: Building] INFO  o.e.m.c.i.embedder.EclipseLogger - Using 'UTF-8' encoding to copy filtered resources.
2025-09-13 09:28:42,687 [Worker-31: Building] INFO  o.e.m.c.i.embedder.EclipseLogger - skip non existing resourceDirectory D:\AViIT\Demos\Selenium_13\MyCucumberProject\src\main\resources
2025-09-13 09:28:42,688 [Worker-31: Building] INFO  o.e.m.c.i.embedder.EclipseLogger - Using 'UTF-8' encoding to copy filtered resources.
2025-09-13 09:28:42,690 [Worker-31: Building] INFO  o.e.m.c.i.embedder.EclipseLogger - Copying 6 resources
2025-09-13 09:28:58,107 [Worker-38: Building] INFO  o.e.m.c.i.embedder.EclipseLogger - Using 'UTF-8' encoding to copy filtered resources.
2025-09-13 09:28:58,107 [Worker-38: Building] INFO  o.e.m.c.i.embedder.EclipseLogger - skip non existing resourceDirectory D:\AViIT\Demos\Selenium_13\MyCucumberProject\src\main\resources
2025-09-13 09:28:58,108 [Worker-38: Building] INFO  o.e.m.c.i.embedder.EclipseLogger - Using 'UTF-8' encoding to copy filtered resources.
2025-09-13 09:28:58,110 [Worker-38: Building] INFO  o.e.m.c.i.embedder.EclipseLogger - Copying 6 resources
2025-09-13 09:58:05,308 [Worker-38: Building] INFO  o.e.m.c.i.embedder.EclipseLogger - Using 'UTF-8' encoding to copy filtered resources.
2025-09-13 09:58:05,308 [Worker-38: Building] INFO  o.e.m.c.i.embedder.EclipseLogger - skip non existing resourceDirectory D:\AViIT\Demos\Selenium_13\MyCucumberProject\src\main\resources
2025-09-13 09:58:05,309 [Worker-38: Building] INFO  o.e.m.c.i.embedder.EclipseLogger - Using 'UTF-8' encoding to copy filtered resources.
2025-09-13 09:58:05,310 [Worker-38: Building] INFO  o.e.m.c.i.embedder.EclipseLogger - Copying 6 resources
2025-09-13 09:59:17,837 [Worker-40: Building] INFO  o.e.m.c.i.embedder.EclipseLogger - Using 'UTF-8' encoding to copy filtered resources.
2025-09-13 09:59:17,837 [Worker-40: Building] INFO  o.e.m.c.i.embedder.EclipseLogger - skip non existing resourceDirectory D:\AViIT\Demos\Selenium_13\MyCucumberProject\src\main\resources
2025-09-13 09:59:17,838 [Worker-40: Building] INFO  o.e.m.c.i.embedder.EclipseLogger - Using 'UTF-8' encoding to copy filtered resources.
2025-09-13 09:59:17,840 [Worker-40: Building] INFO  o.e.m.c.i.embedder.EclipseLogger - Copying 6 resources
2025-09-13 10:01:45,844 [Worker-41: Building] INFO  o.e.m.c.i.embedder.EclipseLogger - Using 'UTF-8' encoding to copy filtered resources.
2025-09-13 10:01:45,844 [Worker-41: Building] INFO  o.e.m.c.i.embedder.EclipseLogger - skip non existing resourceDirectory D:\AViIT\Demos\Selenium_13\MyCucumberProject\src\main\resources
2025-09-13 10:01:45,846 [Worker-41: Building] INFO  o.e.m.c.i.embedder.EclipseLogger - Using 'UTF-8' encoding to copy filtered resources.
2025-09-13 10:01:45,847 [Worker-41: Building] INFO  o.e.m.c.i.embedder.EclipseLogger - Copying 1 resource
2025-09-13 10:02:11,516 [Worker-42: Building] INFO  o.e.m.c.i.embedder.EclipseLogger - Using 'UTF-8' encoding to copy filtered resources.
2025-09-13 10:02:11,516 [Worker-42: Building] INFO  o.e.m.c.i.embedder.EclipseLogger - skip non existing resourceDirectory D:\AViIT\Demos\Selenium_13\MyCucumberProject\src\main\resources
2025-09-13 10:02:11,517 [Worker-42: Building] INFO  o.e.m.c.i.embedder.EclipseLogger - Using 'UTF-8' encoding to copy filtered resources.
2025-09-13 10:02:11,518 [Worker-42: Building] INFO  o.e.m.c.i.embedder.EclipseLogger - Copying 6 resources
2025-09-13 10:02:22,306 [Worker-43: Building] INFO  o.e.m.c.i.embedder.EclipseLogger - Using 'UTF-8' encoding to copy filtered resources.
2025-09-13 10:02:22,307 [Worker-43: Building] INFO  o.e.m.c.i.embedder.EclipseLogger - skip non existing resourceDirectory D:\AViIT\Demos\Selenium_13\MyCucumberProject\src\main\resources
2025-09-13 10:02:22,308 [Worker-43: Building] INFO  o.e.m.c.i.embedder.EclipseLogger - Using 'UTF-8' encoding to copy filtered resources.
2025-09-13 10:02:22,309 [Worker-43: Building] INFO  o.e.m.c.i.embedder.EclipseLogger - Copying 6 resources
2025-09-13 10:03:42,863 [Worker-44: Building] INFO  o.e.m.c.i.embedder.EclipseLogger - Using 'UTF-8' encoding to copy filtered resources.
2025-09-13 10:03:42,864 [Worker-44: Building] INFO  o.e.m.c.i.embedder.EclipseLogger - skip non existing resourceDirectory D:\AViIT\Demos\Selenium_13\MyCucumberProject\src\main\resources
2025-09-13 10:03:42,867 [Worker-44: Building] INFO  o.e.m.c.i.embedder.EclipseLogger - Using 'UTF-8' encoding to copy filtered resources.
2025-09-13 10:03:42,868 [Worker-44: Building] INFO  o.e.m.c.i.embedder.EclipseLogger - Copying 1 resource
2025-09-13 10:03:45,109 [Worker-39: Building] INFO  o.e.m.c.i.embedder.EclipseLogger - Using 'UTF-8' encoding to copy filtered resources.
2025-09-13 10:03:45,110 [Worker-39: Building] INFO  o.e.m.c.i.embedder.EclipseLogger - skip non existing resourceDirectory D:\AViIT\Demos\Selenium_13\MyCucumberProject\src\main\resources
2025-09-13 10:03:45,111 [Worker-39: Building] INFO  o.e.m.c.i.embedder.EclipseLogger - Using 'UTF-8' encoding to copy filtered resources.
2025-09-13 10:03:45,112 [Worker-39: Building] INFO  o.e.m.c.i.embedder.EclipseLogger - Copying 6 resources
2025-09-13 10:04:08,478 [Worker-44: Building] INFO  o.e.m.c.i.embedder.EclipseLogger - Using 'UTF-8' encoding to copy filtered resources.
2025-09-13 10:04:08,479 [Worker-44: Building] INFO  o.e.m.c.i.embedder.EclipseLogger - skip non existing resourceDirectory D:\AViIT\Demos\Selenium_13\MyCucumberProject\src\main\resources
2025-09-13 10:04:08,480 [Worker-44: Building] INFO  o.e.m.c.i.embedder.EclipseLogger - Using 'UTF-8' encoding to copy filtered resources.
2025-09-13 10:04:08,481 [Worker-44: Building] INFO  o.e.m.c.i.embedder.EclipseLogger - Copying 6 resources
2025-09-13 10:05:09,177 [Worker-44: Building] INFO  o.e.m.c.i.embedder.EclipseLogger - Using 'UTF-8' encoding to copy filtered resources.
2025-09-13 10:05:09,177 [Worker-44: Building] INFO  o.e.m.c.i.embedder.EclipseLogger - skip non existing resourceDirectory D:\AViIT\Demos\Selenium_13\MyCucumberProject\src\main\resources
2025-09-13 10:05:09,178 [Worker-44: Building] INFO  o.e.m.c.i.embedder.EclipseLogger - Using 'UTF-8' encoding to copy filtered resources.
2025-09-13 10:05:09,179 [Worker-44: Building] INFO  o.e.m.c.i.embedder.EclipseLogger - Copying 6 resources
2025-09-13 10:05:42,274 [Worker-43: Building] INFO  o.e.m.c.i.embedder.EclipseLogger - Using 'UTF-8' encoding to copy filtered resources.
2025-09-13 10:05:42,274 [Worker-43: Building] INFO  o.e.m.c.i.embedder.EclipseLogger - skip non existing resourceDirectory D:\AViIT\Demos\Selenium_13\MyCucumberProject\src\main\resources
2025-09-13 10:05:42,275 [Worker-43: Building] INFO  o.e.m.c.i.embedder.EclipseLogger - Using 'UTF-8' encoding to copy filtered resources.
2025-09-13 10:05:42,276 [Worker-43: Building] INFO  o.e.m.c.i.embedder.EclipseLogger - Copying 6 resources
2025-09-13 10:06:49,215 [Worker-44: Building] INFO  o.e.m.c.i.embedder.EclipseLogger - Using 'UTF-8' encoding to copy filtered resources.
2025-09-13 10:06:49,215 [Worker-44: Building] INFO  o.e.m.c.i.embedder.EclipseLogger - skip non existing resourceDirectory D:\AViIT\Demos\Selenium_13\MyCucumberProject\src\main\resources
2025-09-13 10:06:49,216 [Worker-44: Building] INFO  o.e.m.c.i.embedder.EclipseLogger - Using 'UTF-8' encoding to copy filtered resources.
2025-09-13 10:06:49,218 [Worker-44: Building] INFO  o.e.m.c.i.embedder.EclipseLogger - Copying 6 resources
2025-09-13 10:07:01,801 [Worker-39: Building] INFO  o.e.m.c.i.embedder.EclipseLogger - Using 'UTF-8' encoding to copy filtered resources.
2025-09-13 10:07:01,801 [Worker-39: Building] INFO  o.e.m.c.i.embedder.EclipseLogger - skip non existing resourceDirectory D:\AViIT\Demos\Selenium_13\MyCucumberProject\src\main\resources
2025-09-13 10:07:01,802 [Worker-39: Building] INFO  o.e.m.c.i.embedder.EclipseLogger - Using 'UTF-8' encoding to copy filtered resources.
2025-09-13 10:07:01,803 [Worker-39: Building] INFO  o.e.m.c.i.embedder.EclipseLogger - Copying 6 resources
2025-09-13 10:08:02,892 [Worker-43: Building] INFO  o.e.m.c.i.embedder.EclipseLogger - Using 'UTF-8' encoding to copy filtered resources.
2025-09-13 10:08:02,893 [Worker-43: Building] INFO  o.e.m.c.i.embedder.EclipseLogger - skip non existing resourceDirectory D:\AViIT\Demos\Selenium_13\MyCucumberProject\src\main\resources
2025-09-13 10:08:02,894 [Worker-43: Building] INFO  o.e.m.c.i.embedder.EclipseLogger - Using 'UTF-8' encoding to copy filtered resources.
2025-09-13 10:08:02,895 [Worker-43: Building] INFO  o.e.m.c.i.embedder.EclipseLogger - Copying 6 resources
2025-09-13 10:11:45,104 [Worker-41: Building] INFO  o.e.m.c.i.embedder.EclipseLogger - Using 'UTF-8' encoding to copy filtered resources.
2025-09-13 10:11:45,104 [Worker-41: Building] INFO  o.e.m.c.i.embedder.EclipseLogger - skip non existing resourceDirectory D:\AViIT\Demos\Selenium_13\MyCucumberProject\src\main\resources
2025-09-13 10:11:45,106 [Worker-41: Building] INFO  o.e.m.c.i.embedder.EclipseLogger - Using 'UTF-8' encoding to copy filtered resources.
2025-09-13 10:11:45,106 [Worker-41: Building] INFO  o.e.m.c.i.embedder.EclipseLogger - Copying 1 resource
2025-09-13 10:11:50,508 [Worker-41: Building] INFO  o.e.m.c.i.embedder.EclipseLogger - Using 'UTF-8' encoding to copy filtered resources.
2025-09-13 10:11:50,508 [Worker-41: Building] INFO  o.e.m.c.i.embedder.EclipseLogger - skip non existing resourceDirectory D:\AViIT\Demos\Selenium_13\MyCucumberProject\src\main\resources
2025-09-13 10:11:50,510 [Worker-41: Building] INFO  o.e.m.c.i.embedder.EclipseLogger - Using 'UTF-8' encoding to copy filtered resources.
2025-09-13 10:11:50,511 [Worker-41: Building] INFO  o.e.m.c.i.embedder.EclipseLogger - Copying 6 resources
2025-09-13 10:25:13,348 [Worker-47: Building] INFO  o.e.m.c.i.embedder.EclipseLogger - Using 'UTF-8' encoding to copy filtered resources.
2025-09-13 10:25:13,348 [Worker-47: Building] INFO  o.e.m.c.i.embedder.EclipseLogger - skip non existing resourceDirectory D:\AViIT\Demos\Selenium_13\MyCucumberProject\src\main\resources
2025-09-13 10:25:13,350 [Worker-47: Building] INFO  o.e.m.c.i.embedder.EclipseLogger - Using 'UTF-8' encoding to copy filtered resources.
2025-09-13 10:25:13,350 [Worker-47: Building] INFO  o.e.m.c.i.embedder.EclipseLogger - Copying 1 resource
2025-09-13 10:28:13,716 [Worker-50: Building] INFO  o.e.m.c.i.embedder.EclipseLogger - Using 'UTF-8' encoding to copy filtered resources.
2025-09-13 10:28:13,717 [Worker-50: Building] INFO  o.e.m.c.i.embedder.EclipseLogger - skip non existing resourceDirectory D:\AViIT\Demos\Selenium_13\MyCucumberProject\src\main\resources
2025-09-13 10:28:13,718 [Worker-50: Building] INFO  o.e.m.c.i.embedder.EclipseLogger - Using 'UTF-8' encoding to copy filtered resources.
2025-09-13 10:28:13,719 [Worker-50: Building] INFO  o.e.m.c.i.embedder.EclipseLogger - Copying 1 resource
2025-09-13 10:28:56,769 [Worker-50: Building] INFO  o.e.m.c.i.embedder.EclipseLogger - Using 'UTF-8' encoding to copy filtered resources.
2025-09-13 10:28:56,769 [Worker-50: Building] INFO  o.e.m.c.i.embedder.EclipseLogger - skip non existing resourceDirectory D:\AViIT\Demos\Selenium_13\MyCucumberProject\src\main\resources
2025-09-13 10:28:56,770 [Worker-50: Building] INFO  o.e.m.c.i.embedder.EclipseLogger - Using 'UTF-8' encoding to copy filtered resources.
2025-09-13 10:28:56,771 [Worker-50: Building] INFO  o.e.m.c.i.embedder.EclipseLogger - Copying 1 resource
2025-09-13 10:30:11,850 [Worker-50: Building] INFO  o.e.m.c.i.embedder.EclipseLogger - Using 'UTF-8' encoding to copy filtered resources.
2025-09-13 10:30:11,851 [Worker-50: Building] INFO  o.e.m.c.i.embedder.EclipseLogger - skip non existing resourceDirectory D:\AViIT\Demos\Selenium_13\MyCucumberProject\src\main\resources
2025-09-13 10:30:11,852 [Worker-50: Building] INFO  o.e.m.c.i.embedder.EclipseLogger - Using 'UTF-8' encoding to copy filtered resources.
2025-09-13 10:30:11,852 [Worker-50: Building] INFO  o.e.m.c.i.embedder.EclipseLogger - Copying 1 resource
2025-09-13 10:30:15,460 [Worker-49: Building] INFO  o.e.m.c.i.embedder.EclipseLogger - Using 'UTF-8' encoding to copy filtered resources.
2025-09-13 10:30:15,460 [Worker-49: Building] INFO  o.e.m.c.i.embedder.EclipseLogger - skip non existing resourceDirectory D:\AViIT\Demos\Selenium_13\MyCucumberProject\src\main\resources
2025-09-13 10:30:15,461 [Worker-49: Building] INFO  o.e.m.c.i.embedder.EclipseLogger - Using 'UTF-8' encoding to copy filtered resources.
2025-09-13 10:30:15,461 [Worker-49: Building] INFO  o.e.m.c.i.embedder.EclipseLogger - Copying 1 resource
2025-09-13 10:30:47,553 [Worker-52: Building] INFO  o.e.m.c.i.embedder.EclipseLogger - Using 'UTF-8' encoding to copy filtered resources.
2025-09-13 10:30:47,554 [Worker-52: Building] INFO  o.e.m.c.i.embedder.EclipseLogger - skip non existing resourceDirectory D:\AViIT\Demos\Selenium_13\MyCucumberProject\src\main\resources
2025-09-13 10:30:47,556 [Worker-52: Building] INFO  o.e.m.c.i.embedder.EclipseLogger - Using 'UTF-8' encoding to copy filtered resources.
2025-09-13 10:30:47,559 [Worker-52: Building] INFO  o.e.m.c.i.embedder.EclipseLogger - Copying 7 resources
2025-09-13 10:31:04,947 [Worker-51: Building] INFO  o.e.m.c.i.embedder.EclipseLogger - Using 'UTF-8' encoding to copy filtered resources.
2025-09-13 10:31:04,947 [Worker-51: Building] INFO  o.e.m.c.i.embedder.EclipseLogger - skip non existing resourceDirectory D:\AViIT\Demos\Selenium_13\MyCucumberProject\src\main\resources
2025-09-13 10:31:04,948 [Worker-51: Building] INFO  o.e.m.c.i.embedder.EclipseLogger - Using 'UTF-8' encoding to copy filtered resources.
2025-09-13 10:31:04,949 [Worker-51: Building] INFO  o.e.m.c.i.embedder.EclipseLogger - Copying 7 resources
2025-09-13 10:33:19,274 [Worker-52: Building] INFO  o.e.m.c.i.embedder.EclipseLogger - Using 'UTF-8' encoding to copy filtered resources.
2025-09-13 10:33:19,275 [Worker-52: Building] INFO  o.e.m.c.i.embedder.EclipseLogger - skip non existing resourceDirectory D:\AViIT\Demos\Selenium_13\MyCucumberProject\src\main\resources
2025-09-13 10:33:19,276 [Worker-52: Building] INFO  o.e.m.c.i.embedder.EclipseLogger - Using 'UTF-8' encoding to copy filtered resources.
2025-09-13 10:33:19,277 [Worker-52: Building] INFO  o.e.m.c.i.embedder.EclipseLogger - Copying 7 resources
2025-09-13 10:33:40,362 [Worker-49: Building] INFO  o.e.m.c.i.embedder.EclipseLogger - Using 'UTF-8' encoding to copy filtered resources.
2025-09-13 10:33:40,362 [Worker-49: Building] INFO  o.e.m.c.i.embedder.EclipseLogger - skip non existing resourceDirectory D:\AViIT\Demos\Selenium_13\MyCucumberProject\src\main\resources
2025-09-13 10:33:40,363 [Worker-49: Building] INFO  o.e.m.c.i.embedder.EclipseLogger - Using 'UTF-8' encoding to copy filtered resources.
2025-09-13 10:33:40,365 [Worker-49: Building] INFO  o.e.m.c.i.embedder.EclipseLogger - Copying 7 resources
2025-09-13 10:33:41,473 [Worker-50: Building] INFO  o.e.m.c.i.embedder.EclipseLogger - Using 'UTF-8' encoding to copy filtered resources.
2025-09-13 10:33:41,473 [Worker-50: Building] INFO  o.e.m.c.i.embedder.EclipseLogger - skip non existing resourceDirectory D:\AViIT\Demos\Selenium_13\MyCucumberProject\src\main\resources
2025-09-13 10:33:41,474 [Worker-50: Building] INFO  o.e.m.c.i.embedder.EclipseLogger - Using 'UTF-8' encoding to copy filtered resources.
2025-09-13 10:33:41,475 [Worker-50: Building] INFO  o.e.m.c.i.embedder.EclipseLogger - Copying 7 resources
2025-09-13 10:34:04,949 [Worker-46: Building] INFO  o.e.m.c.i.embedder.EclipseLogger - Using 'UTF-8' encoding to copy filtered resources.
2025-09-13 10:34:04,950 [Worker-46: Building] INFO  o.e.m.c.i.embedder.EclipseLogger - skip non existing resourceDirectory D:\AViIT\Demos\Selenium_13\MyCucumberProject\src\main\resources
2025-09-13 10:34:04,951 [Worker-46: Building] INFO  o.e.m.c.i.embedder.EclipseLogger - Using 'UTF-8' encoding to copy filtered resources.
2025-09-13 10:34:04,952 [Worker-46: Building] INFO  o.e.m.c.i.embedder.EclipseLogger - Copying 7 resources
2025-09-13 10:34:26,239 [Worker-50: Building] INFO  o.e.m.c.i.embedder.EclipseLogger - Using 'UTF-8' encoding to copy filtered resources.
2025-09-13 10:34:26,240 [Worker-50: Building] INFO  o.e.m.c.i.embedder.EclipseLogger - skip non existing resourceDirectory D:\AViIT\Demos\Selenium_13\MyCucumberProject\src\main\resources
2025-09-13 10:34:26,243 [Worker-50: Building] INFO  o.e.m.c.i.embedder.EclipseLogger - Using 'UTF-8' encoding to copy filtered resources.
2025-09-13 10:34:26,245 [Worker-50: Building] INFO  o.e.m.c.i.embedder.EclipseLogger - Copying 7 resources
2025-09-13 10:34:56,549 [Worker-52: Building] INFO  o.e.m.c.i.embedder.EclipseLogger - Using 'UTF-8' encoding to copy filtered resources.
2025-09-13 10:34:56,550 [Worker-52: Building] INFO  o.e.m.c.i.embedder.EclipseLogger - skip non existing resourceDirectory D:\AViIT\Demos\Selenium_13\MyCucumberProject\src\main\resources
2025-09-13 10:34:56,551 [Worker-52: Building] INFO  o.e.m.c.i.embedder.EclipseLogger - Using 'UTF-8' encoding to copy filtered resources.
2025-09-13 10:34:56,552 [Worker-52: Building] INFO  o.e.m.c.i.embedder.EclipseLogger - Copying 7 resources
2025-09-13 10:36:17,373 [Worker-50: Building] INFO  o.e.m.c.i.embedder.EclipseLogger - Using 'UTF-8' encoding to copy filtered resources.
2025-09-13 10:36:17,374 [Worker-50: Building] INFO  o.e.m.c.i.embedder.EclipseLogger - skip non existing resourceDirectory D:\AViIT\Demos\Selenium_13\MyCucumberProject\src\main\resources
2025-09-13 10:36:17,375 [Worker-50: Building] INFO  o.e.m.c.i.embedder.EclipseLogger - Using 'UTF-8' encoding to copy filtered resources.
2025-09-13 10:36:17,377 [Worker-50: Building] INFO  o.e.m.c.i.embedder.EclipseLogger - Copying 7 resources
2025-09-13 10:36:20,817 [Worker-46: Building] INFO  o.e.m.c.i.embedder.EclipseLogger - Using 'UTF-8' encoding to copy filtered resources.
2025-09-13 10:36:20,817 [Worker-46: Building] INFO  o.e.m.c.i.embedder.EclipseLogger - skip non existing resourceDirectory D:\AViIT\Demos\Selenium_13\MyCucumberProject\src\main\resources
2025-09-13 10:36:20,819 [Worker-46: Building] INFO  o.e.m.c.i.embedder.EclipseLogger - Using 'UTF-8' encoding to copy filtered resources.
2025-09-13 10:36:20,820 [Worker-46: Building] INFO  o.e.m.c.i.embedder.EclipseLogger - Copying 7 resources
2025-09-16 09:26:20,283 [Worker-4: Loading available Gradle versions] INFO  o.e.b.c.i.u.g.PublishedGradleVersions - Gradle version information cache is out-of-date. Trying to update.
2025-09-16 09:27:23,785 [Worker-8: Building] INFO  o.e.m.c.i.embedder.EclipseLogger - Using 'UTF-8' encoding to copy filtered resources.
2025-09-16 09:27:23,786 [Worker-8: Building] INFO  o.e.m.c.i.embedder.EclipseLogger - skip non existing resourceDirectory D:\AViIT\Demos\Selenium_13\MyCucumberProject\src\main\resources
2025-09-16 09:27:23,788 [Worker-8: Building] INFO  o.e.m.c.i.embedder.EclipseLogger - Using 'UTF-8' encoding to copy filtered resources.
2025-09-16 09:27:23,795 [Worker-8: Building] INFO  o.e.m.c.i.embedder.EclipseLogger - Copying 7 resources
2025-09-16 09:28:40,895 [Worker-3: Building] INFO  o.e.m.c.i.embedder.EclipseLogger - Using 'UTF-8' encoding to copy filtered resources.
2025-09-16 09:28:40,895 [Worker-3: Building] INFO  o.e.m.c.i.embedder.EclipseLogger - skip non existing resourceDirectory D:\AViIT\Demos\Selenium_13\MyCucumberProject\src\main\resources
2025-09-16 09:28:40,897 [Worker-3: Building] INFO  o.e.m.c.i.embedder.EclipseLogger - Using 'UTF-8' encoding to copy filtered resources.
2025-09-16 09:28:40,901 [Worker-3: Building] INFO  o.e.m.c.i.embedder.EclipseLogger - Copying 7 resources
2025-09-16 09:30:13,074 [Worker-4: Building] INFO  o.e.m.c.i.embedder.EclipseLogger - Using 'UTF-8' encoding to copy filtered resources.
2025-09-16 09:30:13,076 [Worker-4: Building] INFO  o.e.m.c.i.embedder.EclipseLogger - skip non existing resourceDirectory D:\AViIT\Demos\Selenium_13\MyCucumberProject\src\main\resources
2025-09-16 09:30:13,081 [Worker-4: Building] INFO  o.e.m.c.i.embedder.EclipseLogger - Using 'UTF-8' encoding to copy filtered resources.
2025-09-16 09:30:13,088 [Worker-4: Building] INFO  o.e.m.c.i.embedder.EclipseLogger - Copying 1 resource
2025-09-16 09:32:50,579 [Worker-3: Building] INFO  o.e.m.c.i.embedder.EclipseLogger - Using 'UTF-8' encoding to copy filtered resources.
2025-09-16 09:32:50,579 [Worker-3: Building] INFO  o.e.m.c.i.embedder.EclipseLogger - skip non existing resourceDirectory D:\AViIT\Demos\Selenium_13\MyCucumberProject\src\main\resources
2025-09-16 09:32:50,582 [Worker-3: Building] INFO  o.e.m.c.i.embedder.EclipseLogger - Using 'UTF-8' encoding to copy filtered resources.
2025-09-16 09:32:50,584 [Worker-3: Building] INFO  o.e.m.c.i.embedder.EclipseLogger - Copying 1 resource
2025-09-16 09:33:47,812 [Worker-16: Building] INFO  o.e.m.c.i.embedder.EclipseLogger - Using 'UTF-8' encoding to copy filtered resources.
2025-09-16 09:33:47,813 [Worker-16: Building] INFO  o.e.m.c.i.embedder.EclipseLogger - skip non existing resourceDirectory D:\AViIT\Demos\Selenium_13\MyCucumberProject\src\main\resources
2025-09-16 09:33:47,815 [Worker-16: Building] INFO  o.e.m.c.i.embedder.EclipseLogger - Using 'UTF-8' encoding to copy filtered resources.
2025-09-16 09:33:47,818 [Worker-16: Building] INFO  o.e.m.c.i.embedder.EclipseLogger - Copying 8 resources
2025-09-16 09:34:48,149 [Worker-15: Building] INFO  o.e.m.c.i.embedder.EclipseLogger - Using 'UTF-8' encoding to copy filtered resources.
2025-09-16 09:34:48,150 [Worker-15: Building] INFO  o.e.m.c.i.embedder.EclipseLogger - skip non existing resourceDirectory D:\AViIT\Demos\Selenium_13\MyCucumberProject\src\main\resources
2025-09-16 09:34:48,152 [Worker-15: Building] INFO  o.e.m.c.i.embedder.EclipseLogger - Using 'UTF-8' encoding to copy filtered resources.
2025-09-16 09:34:48,154 [Worker-15: Building] INFO  o.e.m.c.i.embedder.EclipseLogger - Copying 8 resources
2025-09-16 09:35:06,243 [Worker-3: Building] INFO  o.e.m.c.i.embedder.EclipseLogger - Using 'UTF-8' encoding to copy filtered resources.
2025-09-16 09:35:06,243 [Worker-3: Building] INFO  o.e.m.c.i.embedder.EclipseLogger - skip non existing resourceDirectory D:\AViIT\Demos\Selenium_13\MyCucumberProject\src\main\resources
2025-09-16 09:35:06,245 [Worker-3: Building] INFO  o.e.m.c.i.embedder.EclipseLogger - Using 'UTF-8' encoding to copy filtered resources.
2025-09-16 09:35:06,246 [Worker-3: Building] INFO  o.e.m.c.i.embedder.EclipseLogger - Copying 8 resources
2025-09-16 09:35:25,515 [Worker-15: Building] INFO  o.e.m.c.i.embedder.EclipseLogger - Using 'UTF-8' encoding to copy filtered resources.
2025-09-16 09:35:25,515 [Worker-15: Building] INFO  o.e.m.c.i.embedder.EclipseLogger - skip non existing resourceDirectory D:\AViIT\Demos\Selenium_13\MyCucumberProject\src\main\resources
2025-09-16 09:35:25,518 [Worker-15: Building] INFO  o.e.m.c.i.embedder.EclipseLogger - Using 'UTF-8' encoding to copy filtered resources.
2025-09-16 09:35:25,519 [Worker-15: Building] INFO  o.e.m.c.i.embedder.EclipseLogger - Copying 8 resources
2025-09-16 09:40:42,006 [Worker-19: Building] INFO  o.e.m.c.i.embedder.EclipseLogger - Using 'UTF-8' encoding to copy filtered resources.
2025-09-16 09:40:42,007 [Worker-19: Building] INFO  o.e.m.c.i.embedder.EclipseLogger - skip non existing resourceDirectory D:\AViIT\Demos\Selenium_13\MyCucumberProject\src\main\resources
2025-09-16 09:40:42,008 [Worker-19: Building] INFO  o.e.m.c.i.embedder.EclipseLogger - Using 'UTF-8' encoding to copy filtered resources.
2025-09-16 09:40:42,010 [Worker-19: Building] INFO  o.e.m.c.i.embedder.EclipseLogger - Copying 8 resources
2025-09-16 09:41:26,695 [Worker-20: Building] INFO  o.e.m.c.i.embedder.EclipseLogger - Using 'UTF-8' encoding to copy filtered resources.
2025-09-16 09:41:26,696 [Worker-20: Building] INFO  o.e.m.c.i.embedder.EclipseLogger - skip non existing resourceDirectory D:\AViIT\Demos\Selenium_13\MyCucumberProject\src\main\resources
2025-09-16 09:41:26,697 [Worker-20: Building] INFO  o.e.m.c.i.embedder.EclipseLogger - Using 'UTF-8' encoding to copy filtered resources.
2025-09-16 09:41:26,699 [Worker-20: Building] INFO  o.e.m.c.i.embedder.EclipseLogger - Copying 8 resources
2025-09-16 09:41:56,529 [Worker-19: Building] INFO  o.e.m.c.i.embedder.EclipseLogger - Using 'UTF-8' encoding to copy filtered resources.
2025-09-16 09:41:56,530 [Worker-19: Building] INFO  o.e.m.c.i.embedder.EclipseLogger - skip non existing resourceDirectory D:\AViIT\Demos\Selenium_13\MyCucumberProject\src\main\resources
2025-09-16 09:41:56,531 [Worker-19: Building] INFO  o.e.m.c.i.embedder.EclipseLogger - Using 'UTF-8' encoding to copy filtered resources.
2025-09-16 09:41:56,532 [Worker-19: Building] INFO  o.e.m.c.i.embedder.EclipseLogger - Copying 8 resources
2025-09-16 09:42:35,888 [Worker-20: Building] INFO  o.e.m.c.i.embedder.EclipseLogger - Using 'UTF-8' encoding to copy filtered resources.
2025-09-16 09:42:35,889 [Worker-20: Building] INFO  o.e.m.c.i.embedder.EclipseLogger - skip non existing resourceDirectory D:\AViIT\Demos\Selenium_13\MyCucumberProject\src\main\resources
2025-09-16 09:42:35,890 [Worker-20: Building] INFO  o.e.m.c.i.embedder.EclipseLogger - Using 'UTF-8' encoding to copy filtered resources.
2025-09-16 09:42:35,892 [Worker-20: Building] INFO  o.e.m.c.i.embedder.EclipseLogger - Copying 8 resources
2025-09-16 09:42:43,850 [Worker-20: Building] INFO  o.e.m.c.i.embedder.EclipseLogger - Using 'UTF-8' encoding to copy filtered resources.
2025-09-16 09:42:43,851 [Worker-20: Building] INFO  o.e.m.c.i.embedder.EclipseLogger - skip non existing resourceDirectory D:\AViIT\Demos\Selenium_13\MyCucumberProject\src\main\resources
2025-09-16 09:42:43,852 [Worker-20: Building] INFO  o.e.m.c.i.embedder.EclipseLogger - Using 'UTF-8' encoding to copy filtered resources.
2025-09-16 09:42:43,853 [Worker-20: Building] INFO  o.e.m.c.i.embedder.EclipseLogger - Copying 8 resources
2025-09-16 10:00:46,290 [Worker-3: Building] INFO  o.e.m.c.i.embedder.EclipseLogger - Using 'UTF-8' encoding to copy filtered resources.
2025-09-16 10:00:46,291 [Worker-3: Building] INFO  o.e.m.c.i.embedder.EclipseLogger - skip non existing resourceDirectory D:\AViIT\Demos\Selenium_13\MyCucumberProject\src\main\resources
2025-09-16 10:00:46,292 [Worker-3: Building] INFO  o.e.m.c.i.embedder.EclipseLogger - Using 'UTF-8' encoding to copy filtered resources.
2025-09-16 10:00:46,293 [Worker-3: Building] INFO  o.e.m.c.i.embedder.EclipseLogger - Copying 1 resource
2025-09-16 10:04:31,492 [Worker-24: Building] INFO  o.e.m.c.i.embedder.EclipseLogger - Using 'UTF-8' encoding to copy filtered resources.
2025-09-16 10:04:31,493 [Worker-24: Building] INFO  o.e.m.c.i.embedder.EclipseLogger - skip non existing resourceDirectory D:\AViIT\Demos\Selenium_13\MyCucumberProject\src\main\resources
2025-09-16 10:04:31,494 [Worker-24: Building] INFO  o.e.m.c.i.embedder.EclipseLogger - Using 'UTF-8' encoding to copy filtered resources.
2025-09-16 10:04:31,494 [Worker-24: Building] INFO  o.e.m.c.i.embedder.EclipseLogger - Copying 1 resource
2025-09-16 10:06:28,323 [Worker-25: Building] INFO  o.e.m.c.i.embedder.EclipseLogger - Using 'UTF-8' encoding to copy filtered resources.
2025-09-16 10:06:28,323 [Worker-25: Building] INFO  o.e.m.c.i.embedder.EclipseLogger - skip non existing resourceDirectory D:\AViIT\Demos\Selenium_13\MyCucumberProject\src\main\resources
2025-09-16 10:06:28,327 [Worker-25: Building] INFO  o.e.m.c.i.embedder.EclipseLogger - Using 'UTF-8' encoding to copy filtered resources.
2025-09-16 10:06:28,328 [Worker-25: Building] INFO  o.e.m.c.i.embedder.EclipseLogger - Copying 1 resource
2025-09-16 10:06:46,283 [Worker-25: Building] INFO  o.e.m.c.i.embedder.EclipseLogger - Using 'UTF-8' encoding to copy filtered resources.
2025-09-16 10:06:46,284 [Worker-25: Building] INFO  o.e.m.c.i.embedder.EclipseLogger - skip non existing resourceDirectory D:\AViIT\Demos\Selenium_13\MyCucumberProject\src\main\resources
2025-09-16 10:06:46,287 [Worker-25: Building] INFO  o.e.m.c.i.embedder.EclipseLogger - Using 'UTF-8' encoding to copy filtered resources.
2025-09-16 10:06:46,291 [Worker-25: Building] INFO  o.e.m.c.i.embedder.EclipseLogger - Copying 9 resources
2025-09-16 10:07:40,911 [Worker-25: Building] INFO  o.e.m.c.i.embedder.EclipseLogger - Using 'UTF-8' encoding to copy filtered resources.
2025-09-16 10:07:40,911 [Worker-25: Building] INFO  o.e.m.c.i.embedder.EclipseLogger - skip non existing resourceDirectory D:\AViIT\Demos\Selenium_13\MyCucumberProject\src\main\resources
2025-09-16 10:07:40,912 [Worker-25: Building] INFO  o.e.m.c.i.embedder.EclipseLogger - Using 'UTF-8' encoding to copy filtered resources.
2025-09-16 10:07:40,913 [Worker-25: Building] INFO  o.e.m.c.i.embedder.EclipseLogger - Copying 1 resource
2025-09-16 10:07:57,771 [Worker-27: Building] INFO  o.e.m.c.i.embedder.EclipseLogger - Using 'UTF-8' encoding to copy filtered resources.
2025-09-16 10:07:57,771 [Worker-27: Building] INFO  o.e.m.c.i.embedder.EclipseLogger - skip non existing resourceDirectory D:\AViIT\Demos\Selenium_13\MyCucumberProject\src\main\resources
2025-09-16 10:07:57,773 [Worker-27: Building] INFO  o.e.m.c.i.embedder.EclipseLogger - Using 'UTF-8' encoding to copy filtered resources.
2025-09-16 10:07:57,773 [Worker-27: Building] INFO  o.e.m.c.i.embedder.EclipseLogger - Copying 1 resource
2025-09-16 10:08:04,035 [Worker-27: Launching F08RediffRegistration.feature] INFO  o.e.m.c.i.embedder.EclipseLogger - Using 'UTF-8' encoding to copy filtered resources.
2025-09-16 10:08:04,036 [Worker-27: Launching F08RediffRegistration.feature] INFO  o.e.m.c.i.embedder.EclipseLogger - skip non existing resourceDirectory D:\AViIT\Demos\Selenium_13\MyCucumberProject\src\main\resources
2025-09-16 10:08:04,039 [Worker-27: Launching F08RediffRegistration.feature] INFO  o.e.m.c.i.embedder.EclipseLogger - Using 'UTF-8' encoding to copy filtered resources.
2025-09-16 10:08:04,040 [Worker-27: Launching F08RediffRegistration.feature] INFO  o.e.m.c.i.embedder.EclipseLogger - Copying 9 resources
2025-09-16 10:08:17,073 [Worker-24: Building] INFO  o.e.m.c.i.embedder.EclipseLogger - Using 'UTF-8' encoding to copy filtered resources.
2025-09-16 10:08:17,073 [Worker-24: Building] INFO  o.e.m.c.i.embedder.EclipseLogger - skip non existing resourceDirectory D:\AViIT\Demos\Selenium_13\MyCucumberProject\src\main\resources
2025-09-16 10:08:17,074 [Worker-24: Building] INFO  o.e.m.c.i.embedder.EclipseLogger - Using 'UTF-8' encoding to copy filtered resources.
2025-09-16 10:08:17,075 [Worker-24: Building] INFO  o.e.m.c.i.embedder.EclipseLogger - Copying 9 resources
2025-09-16 10:10:41,303 [Worker-26: Building] INFO  o.e.m.c.i.embedder.EclipseLogger - Using 'UTF-8' encoding to copy filtered resources.
2025-09-16 10:10:41,303 [Worker-26: Building] INFO  o.e.m.c.i.embedder.EclipseLogger - skip non existing resourceDirectory D:\AViIT\Demos\Selenium_13\MyCucumberProject\src\main\resources
2025-09-16 10:10:41,304 [Worker-26: Building] INFO  o.e.m.c.i.embedder.EclipseLogger - Using 'UTF-8' encoding to copy filtered resources.
2025-09-16 10:10:41,305 [Worker-26: Building] INFO  o.e.m.c.i.embedder.EclipseLogger - Copying 9 resources
2025-09-16 10:12:03,987 [Worker-25: Building] INFO  o.e.m.c.i.embedder.EclipseLogger - Using 'UTF-8' encoding to copy filtered resources.
2025-09-16 10:12:03,987 [Worker-25: Building] INFO  o.e.m.c.i.embedder.EclipseLogger - skip non existing resourceDirectory D:\AViIT\Demos\Selenium_13\MyCucumberProject\src\main\resources
2025-09-16 10:12:03,990 [Worker-25: Building] INFO  o.e.m.c.i.embedder.EclipseLogger - Using 'UTF-8' encoding to copy filtered resources.
2025-09-16 10:12:03,992 [Worker-25: Building] INFO  o.e.m.c.i.embedder.EclipseLogger - Copying 9 resources
2025-09-16 10:12:27,426 [Worker-26: Building] INFO  o.e.m.c.i.embedder.EclipseLogger - Using 'UTF-8' encoding to copy filtered resources.
2025-09-16 10:12:27,427 [Worker-26: Building] INFO  o.e.m.c.i.embedder.EclipseLogger - skip non existing resourceDirectory D:\AViIT\Demos\Selenium_13\MyCucumberProject\src\main\resources
2025-09-16 10:12:27,428 [Worker-26: Building] INFO  o.e.m.c.i.embedder.EclipseLogger - Using 'UTF-8' encoding to copy filtered resources.
2025-09-16 10:12:27,430 [Worker-26: Building] INFO  o.e.m.c.i.embedder.EclipseLogger - Copying 9 resources
2025-09-16 10:12:43,061 [Worker-26: Building] INFO  o.e.m.c.i.embedder.EclipseLogger - Using 'UTF-8' encoding to copy filtered resources.
2025-09-16 10:12:43,062 [Worker-26: Building] INFO  o.e.m.c.i.embedder.EclipseLogger - skip non existing resourceDirectory D:\AViIT\Demos\Selenium_13\MyCucumberProject\src\main\resources
2025-09-16 10:12:43,063 [Worker-26: Building] INFO  o.e.m.c.i.embedder.EclipseLogger - Using 'UTF-8' encoding to copy filtered resources.
2025-09-16 10:12:43,064 [Worker-26: Building] INFO  o.e.m.c.i.embedder.EclipseLogger - Copying 9 resources
2025-09-17 09:14:13,780 [Worker-5: Loading available Gradle versions] INFO  o.e.b.c.i.u.g.PublishedGradleVersions - Gradle version information cache is up-to-date. Trying to read.
2025-09-17 09:17:29,656 [Worker-12: Building] INFO  o.a.m.s.f.DefaultMavenResourcesFiltering - skip non existing resourceDirectory D:\AViIT\Demos\Selenium_13\MyMavenProject\src\main\resources
2025-09-17 09:17:29,659 [Worker-12: Building] INFO  o.a.m.s.f.DefaultMavenResourcesFiltering - skip non existing resourceDirectory D:\AViIT\Demos\Selenium_13\MyMavenProject\src\test\resources
2025-09-17 09:18:04,234 [Worker-4: Building] INFO  o.a.m.s.f.DefaultMavenResourcesFiltering - skip non existing resourceDirectory D:\AViIT\Demos\Selenium_13\MyMavenProject\src\main\resources
2025-09-17 09:18:04,236 [Worker-4: Building] INFO  o.a.m.s.f.DefaultMavenResourcesFiltering - skip non existing resourceDirectory D:\AViIT\Demos\Selenium_13\MyMavenProject\src\test\resources
2025-09-17 09:18:32,979 [Worker-12: Building] INFO  o.a.m.s.f.DefaultMavenResourcesFiltering - skip non existing resourceDirectory D:\AViIT\Demos\Selenium_13\MyMavenProject\src\main\resources
2025-09-17 09:18:32,981 [Worker-12: Building] INFO  o.a.m.s.f.DefaultMavenResourcesFiltering - skip non existing resourceDirectory D:\AViIT\Demos\Selenium_13\MyMavenProject\src\test\resources
2025-09-17 09:20:00,589 [Worker-11: Building] INFO  o.a.m.s.f.DefaultMavenResourcesFiltering - skip non existing resourceDirectory D:\AViIT\Demos\Selenium_13\MyMavenProject\src\main\resources
2025-09-17 09:20:00,591 [Worker-11: Building] INFO  o.a.m.s.f.DefaultMavenResourcesFiltering - skip non existing resourceDirectory D:\AViIT\Demos\Selenium_13\MyMavenProject\src\test\resources
2025-09-17 09:20:44,919 [Worker-13: Building] INFO  o.a.m.s.f.DefaultMavenResourcesFiltering - skip non existing resourceDirectory D:\AViIT\Demos\Selenium_13\MyMavenProject\src\main\resources
2025-09-17 09:20:44,921 [Worker-13: Building] INFO  o.a.m.s.f.DefaultMavenResourcesFiltering - skip non existing resourceDirectory D:\AViIT\Demos\Selenium_13\MyMavenProject\src\test\resources
2025-09-17 09:36:10,951 [Worker-13: Building] INFO  o.a.m.s.f.DefaultMavenResourcesFiltering - skip non existing resourceDirectory D:\AViIT\Demos\Selenium_13\MyMavenProject\src\main\resources
2025-09-17 09:36:10,953 [Worker-13: Building] INFO  o.a.m.s.f.DefaultMavenResourcesFiltering - skip non existing resourceDirectory D:\AViIT\Demos\Selenium_13\MyMavenProject\src\test\resources
2025-09-17 09:36:25,729 [Worker-16: Building] INFO  o.a.m.s.f.DefaultMavenResourcesFiltering - skip non existing resourceDirectory D:\AViIT\Demos\Selenium_13\MyMavenProject\src\main\resources
2025-09-17 09:36:25,731 [Worker-16: Building] INFO  o.a.m.s.f.DefaultMavenResourcesFiltering - skip non existing resourceDirectory D:\AViIT\Demos\Selenium_13\MyMavenProject\src\test\resources
2025-09-17 09:36:31,975 [Worker-17: Building] INFO  o.a.m.s.f.DefaultMavenResourcesFiltering - skip non existing resourceDirectory D:\AViIT\Demos\Selenium_13\MyMavenProject\src\main\resources
2025-09-17 09:36:31,978 [Worker-17: Building] INFO  o.a.m.s.f.DefaultMavenResourcesFiltering - skip non existing resourceDirectory D:\AViIT\Demos\Selenium_13\MyMavenProject\src\test\resources
2025-09-17 09:38:11,847 [Worker-16: Building] INFO  o.a.m.s.f.DefaultMavenResourcesFiltering - skip non existing resourceDirectory D:\AViIT\Demos\Selenium_13\MyMavenProject\src\main\resources
2025-09-17 09:38:11,849 [Worker-16: Building] INFO  o.a.m.s.f.DefaultMavenResourcesFiltering - skip non existing resourceDirectory D:\AViIT\Demos\Selenium_13\MyMavenProject\src\test\resources
2025-09-17 09:38:25,975 [Worker-16: Building] INFO  o.a.m.s.f.DefaultMavenResourcesFiltering - skip non existing resourceDirectory D:\AViIT\Demos\Selenium_13\MyMavenProject\src\main\resources
2025-09-17 09:38:25,976 [Worker-16: Building] INFO  o.a.m.s.f.DefaultMavenResourcesFiltering - skip non existing resourceDirectory D:\AViIT\Demos\Selenium_13\MyMavenProject\src\test\resources
2025-09-17 09:38:37,271 [Worker-15: Building] INFO  o.a.m.s.f.DefaultMavenResourcesFiltering - skip non existing resourceDirectory D:\AViIT\Demos\Selenium_13\MyMavenProject\src\main\resources
2025-09-17 09:38:37,273 [Worker-15: Building] INFO  o.a.m.s.f.DefaultMavenResourcesFiltering - skip non existing resourceDirectory D:\AViIT\Demos\Selenium_13\MyMavenProject\src\test\resources
2025-09-17 09:38:56,739 [Worker-17: Building] INFO  o.a.m.s.f.DefaultMavenResourcesFiltering - skip non existing resourceDirectory D:\AViIT\Demos\Selenium_13\MyMavenProject\src\main\resources
2025-09-17 09:38:56,741 [Worker-17: Building] INFO  o.a.m.s.f.DefaultMavenResourcesFiltering - skip non existing resourceDirectory D:\AViIT\Demos\Selenium_13\MyMavenProject\src\test\resources
2025-09-17 09:39:12,483 [Worker-18: Building] INFO  o.a.m.s.f.DefaultMavenResourcesFiltering - skip non existing resourceDirectory D:\AViIT\Demos\Selenium_13\MyMavenProject\src\main\resources
2025-09-17 09:39:12,485 [Worker-18: Building] INFO  o.a.m.s.f.DefaultMavenResourcesFiltering - skip non existing resourceDirectory D:\AViIT\Demos\Selenium_13\MyMavenProject\src\test\resources
2025-09-17 09:39:16,466 [Worker-16: Building] INFO  o.a.m.s.f.DefaultMavenResourcesFiltering - skip non existing resourceDirectory D:\AViIT\Demos\Selenium_13\MyMavenProject\src\main\resources
2025-09-17 09:39:16,468 [Worker-16: Building] INFO  o.a.m.s.f.DefaultMavenResourcesFiltering - skip non existing resourceDirectory D:\AViIT\Demos\Selenium_13\MyMavenProject\src\test\resources
2025-09-17 09:40:19,844 [Worker-17: Building] INFO  o.a.m.s.f.DefaultMavenResourcesFiltering - skip non existing resourceDirectory D:\AViIT\Demos\Selenium_13\MyMavenProject\src\main\resources
2025-09-17 09:40:19,848 [Worker-17: Building] INFO  o.a.m.s.f.DefaultMavenResourcesFiltering - skip non existing resourceDirectory D:\AViIT\Demos\Selenium_13\MyMavenProject\src\test\resources
2025-09-17 09:40:35,698 [Worker-18: Building] INFO  o.a.m.s.f.DefaultMavenResourcesFiltering - skip non existing resourceDirectory D:\AViIT\Demos\Selenium_13\MyMavenProject\src\main\resources
2025-09-17 09:40:35,701 [Worker-18: Building] INFO  o.a.m.s.f.DefaultMavenResourcesFiltering - skip non existing resourceDirectory D:\AViIT\Demos\Selenium_13\MyMavenProject\src\test\resources
2025-09-17 09:46:13,005 [Worker-13: Building] INFO  o.a.m.s.f.DefaultMavenResourcesFiltering - skip non existing resourceDirectory D:\AViIT\Demos\Selenium_13\MyMavenProject\src\main\resources
2025-09-17 09:46:13,010 [Worker-13: Building] INFO  o.a.m.s.f.DefaultMavenResourcesFiltering - skip non existing resourceDirectory D:\AViIT\Demos\Selenium_13\MyMavenProject\src\test\resources
2025-09-17 09:46:55,870 [Worker-17: Building] INFO  o.a.m.s.f.DefaultMavenResourcesFiltering - skip non existing resourceDirectory D:\AViIT\Demos\Selenium_13\MyMavenProject\src\main\resources
2025-09-17 09:46:55,872 [Worker-17: Building] INFO  o.a.m.s.f.DefaultMavenResourcesFiltering - skip non existing resourceDirectory D:\AViIT\Demos\Selenium_13\MyMavenProject\src\test\resources
2025-09-17 09:47:24,064 [Worker-19: Building] INFO  o.a.m.s.f.DefaultMavenResourcesFiltering - skip non existing resourceDirectory D:\AViIT\Demos\Selenium_13\MyMavenProject\src\main\resources
2025-09-17 09:47:24,065 [Worker-19: Building] INFO  o.a.m.s.f.DefaultMavenResourcesFiltering - skip non existing resourceDirectory D:\AViIT\Demos\Selenium_13\MyMavenProject\src\test\resources
2025-09-17 09:47:42,151 [Worker-22: Building] INFO  o.a.m.s.f.DefaultMavenResourcesFiltering - skip non existing resourceDirectory D:\AViIT\Demos\Selenium_13\MyMavenProject\src\main\resources
2025-09-17 09:47:42,152 [Worker-22: Building] INFO  o.a.m.s.f.DefaultMavenResourcesFiltering - skip non existing resourceDirectory D:\AViIT\Demos\Selenium_13\MyMavenProject\src\test\resources
2025-09-17 09:47:46,146 [Worker-20: Building] INFO  o.a.m.s.f.DefaultMavenResourcesFiltering - skip non existing resourceDirectory D:\AViIT\Demos\Selenium_13\MyMavenProject\src\main\resources
2025-09-17 09:47:46,147 [Worker-20: Building] INFO  o.a.m.s.f.DefaultMavenResourcesFiltering - skip non existing resourceDirectory D:\AViIT\Demos\Selenium_13\MyMavenProject\src\test\resources
2025-09-17 09:52:20,098 [Worker-17: Building] INFO  o.a.m.s.f.DefaultMavenResourcesFiltering - skip non existing resourceDirectory D:\AViIT\Demos\Selenium_13\MyMavenProject\src\main\resources
2025-09-17 09:52:20,100 [Worker-17: Building] INFO  o.a.m.s.f.DefaultMavenResourcesFiltering - skip non existing resourceDirectory D:\AViIT\Demos\Selenium_13\MyMavenProject\src\test\resources
2025-09-17 09:52:41,208 [Worker-24: Building] INFO  o.a.m.s.f.DefaultMavenResourcesFiltering - skip non existing resourceDirectory D:\AViIT\Demos\Selenium_13\MyMavenProject\src\main\resources
2025-09-17 09:52:41,210 [Worker-24: Building] INFO  o.a.m.s.f.DefaultMavenResourcesFiltering - skip non existing resourceDirectory D:\AViIT\Demos\Selenium_13\MyMavenProject\src\test\resources
2025-09-17 09:52:52,765 [Worker-25: Building] INFO  o.a.m.s.f.DefaultMavenResourcesFiltering - skip non existing resourceDirectory D:\AViIT\Demos\Selenium_13\MyMavenProject\src\main\resources
2025-09-17 09:52:52,767 [Worker-25: Building] INFO  o.a.m.s.f.DefaultMavenResourcesFiltering - skip non existing resourceDirectory D:\AViIT\Demos\Selenium_13\MyMavenProject\src\test\resources
2025-09-17 09:53:47,125 [Worker-19: Building] INFO  o.a.m.s.f.DefaultMavenResourcesFiltering - skip non existing resourceDirectory D:\AViIT\Demos\Selenium_13\MyMavenProject\src\main\resources
2025-09-17 09:53:47,126 [Worker-19: Building] INFO  o.a.m.s.f.DefaultMavenResourcesFiltering - skip non existing resourceDirectory D:\AViIT\Demos\Selenium_13\MyMavenProject\src\test\resources
2025-09-17 09:54:16,721 [Worker-17: Building] INFO  o.a.m.s.f.DefaultMavenResourcesFiltering - skip non existing resourceDirectory D:\AViIT\Demos\Selenium_13\MyMavenProject\src\main\resources
2025-09-17 09:54:16,722 [Worker-17: Building] INFO  o.a.m.s.f.DefaultMavenResourcesFiltering - skip non existing resourceDirectory D:\AViIT\Demos\Selenium_13\MyMavenProject\src\test\resources
2025-09-17 09:54:37,505 [Worker-19: Building] INFO  o.a.m.s.f.DefaultMavenResourcesFiltering - skip non existing resourceDirectory D:\AViIT\Demos\Selenium_13\MyMavenProject\src\main\resources
2025-09-17 09:54:37,507 [Worker-19: Building] INFO  o.a.m.s.f.DefaultMavenResourcesFiltering - skip non existing resourceDirectory D:\AViIT\Demos\Selenium_13\MyMavenProject\src\test\resources
2025-09-17 09:54:55,325 [Worker-17: Building] INFO  o.a.m.s.f.DefaultMavenResourcesFiltering - skip non existing resourceDirectory D:\AViIT\Demos\Selenium_13\MyMavenProject\src\main\resources
2025-09-17 09:54:55,327 [Worker-17: Building] INFO  o.a.m.s.f.DefaultMavenResourcesFiltering - skip non existing resourceDirectory D:\AViIT\Demos\Selenium_13\MyMavenProject\src\test\resources
2025-09-17 09:55:09,060 [Worker-24: Building] INFO  o.a.m.s.f.DefaultMavenResourcesFiltering - skip non existing resourceDirectory D:\AViIT\Demos\Selenium_13\MyMavenProject\src\main\resources
2025-09-17 09:55:09,062 [Worker-24: Building] INFO  o.a.m.s.f.DefaultMavenResourcesFiltering - skip non existing resourceDirectory D:\AViIT\Demos\Selenium_13\MyMavenProject\src\test\resources
